"project_id","project_name","start_date","due_date","manager_id","status_id"
1,"Project Beta-397","2025-11-20","2026-05-23",2249,1
2,"Project Beta-398","2025-11-21","2026-05-24",2250,3
3,"Project Beta-399","2025-11-22","2026-05-25",2251,2
4,"Project Beta-400","2025-11-23","2026-05-26",2252,5
5,"Project Beta-401","2025-11-24","2026-05-27",2253,4
6,"Project Beta-402","2025-11-25","2026-05-28",2254,1
7,"Project Beta-403","2025-11-26","2026-05-29",2255,3
8,"Project Beta-404","2025-11-27","2026-05-30",2256,2
9,"Project Beta-405","2025-11-28","2026-05-31",2257,5
10,"Project Beta-406","2025-11-29","2026-06-01",2258,4
11,"Project Beta-407","2025-11-30","2026-06-02",2259,1
12,"Project Beta-408","2025-12-01","2026-06-03",2260,3
13,"Project Beta-409","2025-12-02","2026-06-04",2261,2
14,"Project Beta-410","2025-12-03","2026-06-05",2262,5
15,"Project Beta-411","2025-12-04","2026-06-06",2263,4
16,"Project Beta-412","2025-12-05","2026-06-07",2264,1
17,"Project Beta-413","2025-12-06","2026-06-08",2265,3
18,"Project Beta-414","2025-12-07","2026-06-09",2266,2
19,"Project Beta-415","2025-12-08","2026-06-10",2267,5
20,"Project Beta-416","2025-12-09","2026-06-11",2268,4
21,"Project Beta-417","2025-12-10","2026-06-12",2269,1
22,"Project Beta-418","2025-12-11","2026-06-13",2270,3
23,"Project Beta-419","2025-12-12","2026-06-14",2271,2
24,"Project Beta-420","2025-12-13","2026-06-15",2272,5
25,"Project Beta-421","2025-12-14","2026-06-16",2273,4
26,"Project Beta-422","2025-12-15","2026-06-17",2274,1
27,"Project Beta-423","2025-12-16","2026-06-18",2275,3
28,"Project Beta-424","2025-12-17","2026-06-19",2276,2
29,"Project Beta-425","2025-12-18","2026-06-20",2277,5
30,"Project Beta-426","2025-12-19","2026-06-21",2278,4
31,"Project Beta-427","2025-12-20","2026-06-22",2279,1
32,"Project Beta-428","2025-12-21","2026-06-23",2280,3
33,"Project Beta-429","2025-12-22","2026-06-24",2281,2
34,"Project Beta-430","2025-12-23","2026-06-25",2282,5
35,"Project Beta-431","2025-12-24","2026-06-26",2283,4
36,"Project Beta-432","2025-12-25","2026-06-27",2284,1
37,"Project Beta-433","2025-12-26","2026-06-28",2285,3
38,"Project Beta-434","2025-12-27","2026-06-29",2286,2
39,"Project Beta-435","2025-12-28","2026-06-30",2287,5
40,"Project Beta-436","2025-12-29","2026-07-01",2288,4
41,"Project Beta-437","2025-12-30","2026-07-02",2289,1
42,"Project Beta-438","2025-12-31","2026-07-03",2290,3
43,"Project Beta-439","2026-01-01","2026-07-04",2291,2
44,"Project Beta-440","2026-01-02","2026-07-05",2292,5
45,"Project Beta-441","2026-01-03","2026-07-06",2293,4
46,"Project Beta-442","2026-01-04","2026-07-07",2294,1
47,"Project Beta-443","2026-01-05","2026-07-08",2295,3
48,"Project Beta-444","2026-01-06","2026-07-09",2296,2
49,"Project Beta-445","2026-01-07","2026-07-10",2297,5
50,"Project Beta-446","2026-01-08","2026-07-11",2298,4
51,"Project Beta-447","2026-01-09","2026-07-12",2299,1
52,"Project Beta-448","2026-01-10","2026-07-13",2300,3
53,"Project Beta-449","2026-01-11","2026-07-14",2301,2
54,"Project Beta-450","2026-01-12","2026-07-15",2302,5
55,"Project Beta-451","2026-01-13","2026-07-16",2303,4
56,"Project Beta-452","2026-01-14","2026-07-17",2304,1
57,"Project Beta-453","2026-01-15","2026-07-18",2305,3
58,"Project Beta-454","2026-01-16","2026-07-19",2306,2
59,"Project Beta-455","2026-01-17","2026-07-20",2307,5
60,"Project Beta-456","2026-01-18","2026-07-21",2308,4
61,"Project Beta-457","2026-01-19","2026-07-22",2309,1
62,"Project Beta-458","2026-01-20","2026-07-23",2310,3
63,"Project Beta-459","2026-01-21","2026-07-24",2311,2
64,"Project Beta-460","2026-01-22","2026-07-25",2312,5
65,"Project Beta-461","2026-01-23","2026-07-26",2313,4
66,"Project Beta-462","2026-01-24","2026-07-27",2314,1
67,"Project Beta-463","2026-01-25","2026-07-28",2315,3
68,"Project Beta-464","2026-01-26","2026-07-29",2316,2
69,"Project Beta-465","2026-01-27","2026-07-30",2317,5
70,"Project Beta-466","2026-01-28","2026-07-31",2318,4
71,"Project Beta-467","2026-01-29","2026-08-01",2319,1
72,"Project Beta-468","2026-01-30","2026-08-02",2320,3
73,"Project Beta-469","2026-01-31","2026-08-03",2321,2
74,"Project Beta-470","2026-02-01","2026-08-04",2322,5
75,"Project Beta-471","2026-02-02","2026-08-05",2323,4
76,"Project Beta-472","2026-02-03","2026-08-06",2324,1
77,"Project Beta-473","2026-02-04","2026-08-07",2325,3
78,"Project Beta-474","2026-02-05","2026-08-08",2326,2
79,"Project Beta-475","2026-02-06","2026-08-09",2327,5
80,"Project Beta-476","2026-02-07","2026-08-10",2328,4
81,"Project Beta-477","2026-02-08","2026-08-11",2329,1
82,"Project Beta-478","2026-02-09","2026-08-12",2330,3
83,"Project Beta-479","2026-02-10","2026-08-13",2331,2
84,"Project Beta-480","2026-02-11","2026-08-14",2332,5
85,"Project Beta-481","2026-02-12","2026-08-15",2333,4
86,"Project Beta-482","2026-02-13","2026-08-16",2334,1
87,"Project Beta-483","2026-02-14","2026-08-17",2335,3
88,"Project Beta-484","2026-02-15","2026-08-18",2336,2
89,"Project Beta-485","2026-02-16","2026-08-19",2337,5
90,"Project Beta-486","2026-02-17","2026-08-20",2338,4
91,"Project Beta-487","2026-02-18","2026-08-21",2339,1
92,"Project Beta-488","2026-02-19","2026-08-22",2340,3
93,"Project Beta-489","2026-02-20","2026-08-23",2341,2
94,"Project Beta-490","2026-02-21","2026-08-24",2342,5
95,"Project Beta-491","2026-02-22","2026-08-25",2343,4
96,"Project Beta-492","2026-02-23","2026-08-26",2344,1
97,"Project Beta-493","2026-02-24","2026-08-27",2345,3
98,"Project Beta-494","2026-02-25","2026-08-28",2346,2
99,"Project Beta-495","2026-02-26","2026-08-29",2347,5
100,"Project Beta-496","2026-02-27","2026-08-30",2348,4
101,"Project Beta-497","2026-02-28","2026-08-31",2349,1
102,"Project Beta-498","2026-03-01","2026-09-01",2350,3
103,"Project Beta-499","2026-03-02","2026-09-02",2351,2
104,"Project Beta-500","2026-03-03","2026-09-03",2352,5
105,"Project Beta-501","2026-03-04","2026-09-04",2353,4
106,"Project Beta-502","2026-03-05","2026-09-05",2354,1
107,"Project Beta-503","2026-03-06","2026-09-06",2355,3
108,"Project Beta-504","2026-03-07","2026-09-07",2356,2
109,"Project Beta-505","2026-03-08","2026-09-08",2357,5
110,"Project Beta-506","2026-03-09","2026-09-09",2358,4
111,"Project Beta-507","2026-03-10","2026-09-10",2359,1
112,"Project Beta-508","2026-03-11","2026-09-11",2360,3
113,"Project Beta-509","2026-03-12","2026-09-12",2361,2
114,"Project Beta-510","2026-03-13","2026-09-13",2362,5
115,"Project Beta-511","2026-03-14","2026-09-14",2363,4
116,"Project Beta-512","2026-03-15","2026-09-15",2364,1
117,"Project Beta-513","2026-03-16","2026-09-16",2365,3
118,"Project Beta-514","2026-03-17","2026-09-17",2366,2
119,"Project Beta-515","2026-03-18","2026-09-18",2367,5
120,"Project Beta-516","2026-03-19","2026-09-19",2368,4
121,"Project Beta-517","2026-03-20","2026-09-20",2369,1
122,"Project Beta-518","2026-03-21","2026-09-21",2370,3
123,"Project Beta-519","2026-03-22","2026-09-22",2371,2
124,"Project Beta-520","2026-03-23","2026-09-23",2372,5
125,"Project Beta-521","2026-03-24","2026-09-24",2373,4
126,"Project Beta-522","2026-03-25","2026-09-25",2374,1
127,"Project Beta-523","2026-03-26","2026-09-26",2375,3
128,"Project Beta-524","2026-03-27","2026-09-27",2376,2
129,"Project Beta-525","2026-03-28","2026-09-28",2377,5
130,"Project Beta-526","2026-03-29","2026-09-29",2378,4
131,"Project Beta-527","2026-03-30","2026-09-30",2379,1
132,"Project Beta-528","2026-03-31","2026-10-01",2380,3
133,"Project Beta-529","2026-04-01","2026-10-02",2381,2
134,"Project Beta-530","2026-04-02","2026-10-03",2382,5
135,"Project Beta-531","2026-04-03","2026-10-04",2383,4
136,"Project Beta-532","2026-04-04","2026-10-05",2384,1
137,"Project Beta-533","2026-04-05","2026-10-06",2385,3
138,"Project Beta-534","2026-04-06","2026-10-07",2386,2
139,"Project Beta-535","2026-04-07","2026-10-08",2387,5
140,"Project Beta-536","2026-04-08","2026-10-09",2388,4
141,"Project Beta-537","2026-04-09","2026-10-10",2389,1
142,"Project Beta-538","2026-04-10","2026-10-11",2390,3
143,"Project Beta-539","2026-04-11","2026-10-12",2391,2
144,"Project Beta-540","2026-04-12","2026-10-13",2392,5
145,"Project Beta-541","2026-04-13","2026-10-14",2393,4
146,"Project Beta-542","2026-04-14","2026-10-15",2394,1
147,"Project Beta-543","2026-04-15","2026-10-16",2395,3
148,"Project Beta-544","2026-04-16","2026-10-17",2396,2
149,"Project Beta-545","2026-04-17","2026-10-18",2397,5
150,"Project Beta-546","2026-04-18","2026-10-19",2398,4
151,"Project Beta-547","2026-04-19","2026-10-20",2399,1
152,"Project Beta-548","2026-04-20","2026-10-21",2400,3
153,"Project Beta-549","2026-04-21","2026-10-22",2401,2
154,"Project Beta-550","2026-04-22","2026-10-23",2402,5
155,"Project Beta-551","2026-04-23","2026-10-24",2403,4
156,"Project Beta-552","2026-04-24","2026-10-25",2404,1
157,"Project Beta-553","2026-04-25","2026-10-26",2405,3
158,"Project Beta-554","2026-04-26","2026-10-27",2406,2
159,"Project Beta-555","2026-04-27","2026-10-28",2407,5
160,"Project Beta-556","2026-04-28","2026-10-29",2408,4
161,"Project Beta-557","2026-04-29","2026-10-30",2409,1
162,"Project Beta-558","2026-04-30","2026-10-31",2410,3
163,"Project Beta-559","2026-05-01","2026-11-01",2411,2
164,"Project Beta-560","2026-05-02","2026-11-02",2412,5
165,"Project Beta-561","2026-05-03","2026-11-03",2413,4
166,"Project Beta-562","2026-05-04","2026-11-04",2414,1
167,"Project Beta-563","2026-05-05","2026-11-05",2415,3
168,"Project Beta-564","2026-05-06","2026-11-06",2416,2
169,"Project Beta-565","2026-05-07","2026-11-07",2417,5
170,"Project Beta-566","2026-05-08","2026-11-08",2418,4
171,"Project Beta-567","2026-05-09","2026-11-09",2419,1
172,"Project Beta-568","2026-05-10","2026-11-10",2420,3
173,"Project Beta-569","2026-05-11","2026-11-11",2421,2
174,"Project Beta-570","2026-05-12","2026-11-12",2422,5
175,"Project Beta-571","2026-05-13","2026-11-13",2423,4
176,"Project Beta-572","2026-05-14","2026-11-14",2424,1
177,"Project Beta-573","2026-05-15","2026-11-15",2425,3
178,"Project Beta-574","2026-05-16","2026-11-16",2426,2
179,"Project Beta-575","2026-05-17","2026-11-17",2427,5
180,"Project Beta-576","2026-05-18","2026-11-18",2428,4
181,"Project Beta-577","2026-05-19","2026-11-19",2429,1
182,"Project Beta-578","2026-05-20","2026-11-20",2430,3
183,"Project Beta-579","2026-05-21","2026-11-21",2431,2
184,"Project Beta-580","2026-05-22","2026-11-22",2432,5
185,"Project Beta-581","2026-05-23","2026-11-23",2433,4
186,"Project Beta-582","2026-05-24","2026-11-24",2434,1
187,"Project Beta-583","2026-05-25","2026-11-25",2435,3
188,"Project Beta-584","2026-05-26","2026-11-26",2436,2
189,"Project Beta-585","2026-05-27","2026-11-27",2437,5
190,"Project Beta-586","2026-05-28","2026-11-28",2438,4
191,"Project Beta-587","2026-05-29","2026-11-29",2439,1
192,"Project Beta-588","2026-05-30","2026-11-30",2440,3
193,"Project Beta-589","2026-05-31","2026-12-01",2441,2
194,"Project Beta-590","2026-06-01","2026-12-02",2442,5
195,"Project Beta-591","2026-06-02","2026-12-03",2443,4
196,"Project Beta-592","2026-06-03","2026-12-04",2444,1
197,"Project Beta-593","2026-06-04","2026-12-05",2445,3
198,"Project Beta-594","2026-06-05","2026-12-06",2446,2
199,"Project Beta-595","2026-06-06","2026-12-07",2447,5
200,"Project Beta-596","2026-06-07","2026-12-08",2448,4
201,"Project Beta-597","2026-06-08","2026-12-09",2449,1
202,"Project Alpha-1","2025-01-01","2025-07-01",2450,2
203,"Project Alpha-2","2025-01-02","2025-07-02",2451,1
204,"Project Alpha-3","2025-01-03","2025-07-03",2452,4
205,"Project Alpha-4","2025-01-04","2025-07-04",2453,3
206,"Project Alpha-5","2025-01-05","2025-07-05",2454,5
207,"Project Alpha-6","2025-01-06","2025-07-06",2455,1
208,"Project Alpha-7","2025-01-07","2025-07-07",2456,2
209,"Project Alpha-8","2025-01-08","2025-07-08",2457,4
210,"Project Alpha-9","2025-01-09","2025-07-09",2458,3
211,"Project Alpha-10","2025-01-10","2025-07-10",2459,5
212,"Project Alpha-11","2025-01-11","2025-07-11",2460,1
213,"Project Alpha-12","2025-01-12","2025-07-12",2461,2
214,"Project Alpha-13","2025-01-13","2025-07-13",2462,4
215,"Project Alpha-14","2025-01-14","2025-07-14",2463,3
216,"Project Alpha-15","2025-01-15","2025-07-15",2464,5
217,"Project Alpha-16","2025-01-16","2025-07-16",2465,1
218,"Project Alpha-17","2025-01-17","2025-07-17",2466,2
219,"Project Alpha-18","2025-01-18","2025-07-18",2467,4
220,"Project Alpha-19","2025-01-19","2025-07-19",2468,3
221,"Project Alpha-20","2025-01-20","2025-07-20",2469,5
222,"Project Alpha-21","2025-01-21","2025-07-21",2470,1
223,"Project Alpha-22","2025-01-22","2025-07-22",2471,2
224,"Project Beta-600","2026-08-28","2027-02-28",2472,1
225,"Project Beta-601","2026-08-29","2027-03-01",2473,3
226,"Project Beta-602","2026-08-30","2027-03-02",2474,2
227,"Project Beta-603","2026-08-31","2027-03-03",2475,5
228,"Project Beta-604","2026-09-01","2027-03-04",2476,4
229,"Project Beta-605","2026-09-02","2027-03-05",2477,1
230,"Project Beta-606","2026-09-03","2027-03-06",2478,3
231,"Project Beta-607","2026-09-04","2027-03-07",2479,2
232,"Project Beta-608","2026-09-05","2027-03-08",2480,5
233,"Project Beta-609","2026-09-06","2027-03-09",2481,4
234,"Project Beta-610","2026-09-07","2027-03-10",2482,1
235,"Project Beta-611","2026-09-08","2027-03-11",2483,3
236,"Project Beta-612","2026-09-09","2027-03-12",2484,2
237,"Project Beta-613","2026-09-10","2027-03-13",2485,5
238,"Project Beta-614","2026-09-11","2027-03-14",2486,4
239,"Project Beta-615","2026-09-12","2027-03-15",2487,1
240,"Project Beta-616","2026-09-13","2027-03-16",2488,3
241,"Project Beta-617","2026-09-14","2027-03-17",2489,2
242,"Project Beta-618","2026-09-15","2027-03-18",2490,5
243,"Project Beta-619","2026-09-16","2027-03-19",2491,4
244,"Project Beta-620","2026-09-17","2027-03-20",2492,1
245,"Project Beta-621","2026-09-18","2027-03-21",2493,3
246,"Project Beta-622","2026-09-19","2027-03-22",2494,2
247,"Project Beta-623","2026-09-20","2027-03-23",2495,5
248,"Project Beta-624","2026-09-21","2027-03-24",2496,4
249,"Project Beta-625","2026-09-22","2027-03-25",2497,1
250,"Project Beta-626","2026-09-23","2027-03-26",2498,3
251,"Project Beta-627","2026-09-24","2027-03-27",2499,2
252,"Project Beta-628","2026-09-25","2027-03-28",2500,5
253,"Project Beta-629","2026-09-26","2027-03-29",2501,4
254,"Project Beta-630","2026-09-27","2027-03-30",2502,1
255,"Project Beta-631","2026-09-28","2027-03-31",2503,3
256,"Project Beta-632","2026-09-29","2027-04-01",2504,2
257,"Project Beta-633","2026-09-30","2027-04-02",2505,5
258,"Project Beta-634","2026-10-01","2027-04-03",2506,4
259,"Project Beta-635","2026-10-02","2027-04-04",2507,1
260,"Project Beta-636","2026-10-03","2027-04-05",2508,3
261,"Project Beta-637","2026-10-04","2027-04-06",2509,2
262,"Project Beta-638","2026-10-05","2027-04-07",2510,5
263,"Project Beta-639","2026-10-06","2027-04-08",2511,4
264,"Project Beta-640","2026-10-07","2027-04-09",2512,1
265,"Project Beta-641","2026-10-08","2027-04-10",2513,3
266,"Project Beta-642","2026-10-09","2027-04-11",2514,2
267,"Project Beta-643","2026-10-10","2027-04-12",2515,5
268,"Project Beta-644","2026-10-11","2027-04-13",2516,4
269,"Project Beta-645","2026-10-12","2027-04-14",2517,1
270,"Project Beta-646","2026-10-13","2027-04-15",2518,3
271,"Project Beta-647","2026-10-14","2027-04-16",2519,2
272,"Project Beta-648","2026-10-15","2027-04-17",2520,5
273,"Project Beta-649","2026-10-16","2027-04-18",2521,4
274,"Project Beta-650","2026-10-17","2027-04-19",2522,1
275,"Project Beta-651","2026-10-18","2027-04-20",2523,3
276,"Project Beta-652","2026-10-19","2027-04-21",2524,2
277,"Project Beta-653","2026-10-20","2027-04-22",2525,5
278,"Project Beta-654","2027-10-21","2027-04-23",2526,4
279,"Project Beta-655","2027-10-22","2027-04-24",2527,1
280,"Project Beta-656","2027-10-23","2027-04-25",2528,3
281,"Project Beta-657","2027-10-24","2027-04-26",2529,2
282,"Project Beta-658","2027-10-25","2027-04-27",2530,5
283,"Project Beta-659","2027-10-26","2027-04-28",2531,4
284,"Project Beta-660","2027-10-27","2027-04-29",2532,1
285,"Project Beta-661","2027-10-28","2027-04-30",2533,3
286,"Project Beta-662","2027-10-29","2027-05-01",2534,2
287,"Project Beta-663","2027-10-30","2027-05-02",2535,5
288,"Project Beta-664","2027-10-31","2027-05-03",2536,4
289,"Project Beta-665","2027-11-01","2027-05-04",2537,1
290,"Project Beta-666","2027-11-02","2027-05-05",2538,3
291,"Project Beta-667","2027-11-03","2027-05-06",2539,2
292,"Project Beta-668","2027-11-04","2027-05-07",2540,5
293,"Project Beta-669","2027-11-05","2027-05-08",2541,4
294,"Project Beta-670","2027-11-06","2027-05-09",2542,1
295,"Project Beta-671","2027-11-07","2027-05-10",2543,3
296,"Project Beta-672","2027-11-08","2027-05-11",2544,2
297,"Project Beta-673","2027-11-09","2027-05-12",2545,5
298,"Project Beta-674","2027-11-10","2027-05-13",2546,4
299,"Project Beta-675","2027-11-11","2027-05-14",2547,1
300,"Project Beta-676","2027-11-12","2027-05-15",2548,3
301,"Project Beta-677","2027-11-13","2027-05-16",2549,2
302,"Project Beta-678","2027-11-14","2027-05-17",2550,5
303,"Project Beta-679","2027-11-15","2027-05-18",2551,4
304,"Project Beta-680","2027-11-16","2027-05-19",2552,1
305,"Project Beta-681","2027-11-17","2027-05-20",2553,3
306,"Project Beta-682","2027-11-18","2027-05-21",2554,2
307,"Project Beta-683","2027-11-19","2027-05-22",2555,5
308,"Project Beta-684","2027-11-20","2027-05-23",2556,4
309,"Project Beta-685","2027-11-21","2027-05-24",2557,1
310,"Project Beta-686","2027-11-22","2027-05-25",2558,3
311,"Project Beta-687","2027-11-23","2027-05-26",2559,2
312,"Project Beta-688","2027-11-24","2027-05-27",2560,5
313,"Project Beta-689","2027-11-25","2027-05-28",2561,4
314,"Project Beta-690","2027-11-26","2027-05-29",2562,1
315,"Project Beta-691","2027-11-27","2027-05-30",2563,3
316,"Project Beta-692","2027-11-28","2027-05-31",2564,2
317,"Project Beta-693","2027-11-29","2027-06-01",2565,5
318,"Project Beta-694","2027-11-30","2027-06-02",2566,4
319,"Project Beta-695","2027-12-01","2027-06-03",2567,1
320,"Project Beta-696","2027-12-02","2027-06-04",2568,3
321,"Project Beta-697","2027-12-03","2027-06-05",2569,2
322,"Project Beta-698","2027-12-04","2027-06-06",2570,5
323,"Project Beta-699","2027-12-05","2027-06-07",2571,4
324,"Project Beta-700","2027-12-06","2027-06-08",2572,1
325,"Project Beta-701","2027-12-07","2027-06-09",2573,3
326,"Project Beta-702","2027-12-08","2027-06-10",2574,2
327,"Project Beta-703","2027-12-09","2027-06-11",2575,5
328,"Project Beta-704","2027-12-10","2027-06-12",2576,4
329,"Project Beta-705","2027-12-11","2027-06-13",2577,1
330,"Project Beta-706","2027-12-12","2027-06-14",2578,3
331,"Project Beta-707","2027-12-13","2027-06-15",2579,2
332,"Project Beta-708","2027-12-14","2027-06-16",2580,5
333,"Project Beta-709","2027-12-15","2027-06-17",2581,4
334,"Project Beta-710","2027-12-16","2027-06-18",2582,1
335,"Project Beta-711","2027-12-17","2027-06-19",2583,3
336,"Project Beta-712","2027-12-18","2027-06-20",2584,2
337,"Project Beta-713","2027-12-19","2027-06-21",2585,5
338,"Project Beta-714","2027-12-20","2027-06-22",2586,4
339,"Project Beta-715","2027-12-21","2027-06-23",2587,1
340,"Project Beta-716","2027-12-22","2027-06-24",2588,3
341,"Project Beta-717","2027-12-23","2027-06-25",2589,2
342,"Project Beta-718","2027-12-24","2027-06-26",2590,5
343,"Project Beta-719","2027-12-25","2027-06-27",2591,4
344,"Project Beta-720","2027-12-26","2027-06-28",2592,1
345,"Project Beta-721","2027-12-27","2027-06-29",2593,3
346,"Project Beta-722","2027-12-28","2027-06-30",2594,2
347,"Project Beta-723","2027-12-29","2027-07-01",2595,5
348,"Project Beta-724","2027-12-30","2027-07-02",2596,4
349,"Project Beta-725","2027-12-31","2027-07-03",2597,1
350,"Project Beta-726","2027-01-01","2027-07-04",2598,3
351,"Project Beta-727","2027-01-02","2027-07-05",2599,2
352,"Project Beta-728","2027-01-03","2027-07-06",2600,5
353,"Project Beta-729","2027-01-04","2027-07-07",2601,4
354,"Project Beta-730","2027-01-05","2027-07-08",2602,1
355,"Project Beta-731","2027-01-06","2027-07-09",2603,3
356,"Project Beta-732","2027-01-07","2027-07-10",2604,2
357,"Project Beta-733","2027-01-08","2027-07-11",2605,5
358,"Project Beta-734","2027-01-09","2027-07-12",2606,4
359,"Project Beta-735","2027-01-10","2027-07-13",2607,1
360,"Project Beta-736","2027-01-11","2027-07-14",2608,3
361,"Project Beta-737","2027-01-12","2027-07-15",2609,2
362,"Project Beta-738","2027-01-13","2027-07-16",2610,5
363,"Project Beta-739","2027-01-14","2027-07-17",2611,4
364,"Project Beta-740","2027-01-15","2027-07-18",2612,1
365,"Project Beta-741","2027-01-16","2027-07-19",2613,3
366,"Project Beta-742","2027-01-17","2027-07-20",2614,2
367,"Project Beta-743","2027-01-18","2027-07-21",2615,5
368,"Project Beta-744","2027-01-19","2027-07-22",2616,4
369,"Project Beta-745","2027-01-20","2027-07-23",2617,1
370,"Project Beta-746","2027-01-21","2027-07-24",2618,3
371,"Project Beta-747","2027-01-22","2027-07-25",2619,2
372,"Project Beta-748","2027-01-23","2027-07-26",2620,5
373,"Project Beta-749","2027-01-24","2027-07-27",2621,4
374,"Project Beta-750","2027-01-25","2027-07-28",2622,1
375,"Project Beta-751","2027-01-26","2027-07-29",2623,3
376,"Project Beta-752","2027-01-27","2027-07-30",2624,2
377,"Project Beta-753","2027-01-28","2027-07-31",2625,5
378,"Project Beta-754","2027-01-29","2027-08-01",2626,4
379,"Project Beta-755","2027-01-30","2027-08-02",2627,1
380,"Project Beta-756","2027-01-31","2027-08-03",2628,3
381,"Project Beta-757","2027-02-01","2027-08-04",2629,2
382,"Project Beta-758","2027-02-02","2027-08-05",2630,5
383,"Project Beta-759","2027-02-03","2027-08-06",2631,4
384,"Project Beta-760","2027-02-04","2027-08-07",2632,1
385,"Project Beta-761","2027-02-05","2027-08-08",2633,3
386,"Project Beta-762","2027-02-06","2027-08-09",2634,2
387,"Project Beta-763","2027-02-07","2027-08-10",2635,5
388,"Project Beta-764","2027-02-08","2027-08-11",2636,4
389,"Project Beta-765","2027-02-09","2027-08-12",2637,1
390,"Project Beta-766","2027-02-10","2027-08-13",2638,3
391,"Project Beta-767","2027-02-11","2027-08-14",2639,2
392,"Project Beta-768","2027-02-12","2027-08-15",2640,5
393,"Project Beta-769","2027-02-13","2027-08-16",2641,4
394,"Project Beta-770","2027-02-14","2027-08-17",2642,1
395,"Project Beta-771","2027-02-15","2027-08-18",2643,3
396,"Project Beta-772","2027-02-16","2027-08-19",2644,2
397,"Project Beta-773","2027-02-17","2027-08-20",2645,5
398,"Project Beta-774","2027-02-18","2027-08-21",2646,4
399,"Project Beta-775","2027-02-19","2027-08-22",2647,1
400,"Project Beta-776","2027-02-20","2027-08-23",2648,3
401,"Project Beta-777","2027-02-21","2027-08-24",2649,2
402,"Project Beta-778","2027-02-22","2027-08-25",2650,5
403,"Project Beta-779","2027-02-23","2027-08-26",2651,4
404,"Project Beta-780","2027-02-24","2027-08-27",2652,1
405,"Project Beta-781","2027-02-25","2027-08-28",2653,3
406,"Project Beta-782","2027-02-26","2027-08-29",2654,2
407,"Project Beta-783","2027-02-27","2027-08-30",2655,5
408,"Project Beta-784","2027-02-28","2027-08-31",2656,4
409,"Project Beta-785","2027-03-01","2027-09-01",2657,1
410,"Project Beta-786","2027-03-02","2027-09-02",2658,3
411,"Project Beta-787","2027-03-03","2027-09-03",2659,2
412,"Project Beta-788","2027-03-04","2027-09-04",2660,5
413,"Project Beta-789","2027-03-05","2027-09-05",2661,4
414,"Project Beta-790","2027-03-06","2027-09-06",2662,1
415,"Project Beta-791","2027-03-07","2027-09-07",2663,3
416,"Project Beta-792","2027-03-08","2027-09-08",2664,2
417,"Project Beta-793","2027-03-09","2027-09-09",2665,5
418,"Project Beta-794","2027-03-10","2027-09-10",2666,4
419,"Project Beta-795","2027-03-11","2027-09-11",2667,1
420,"Project Beta-796","2027-03-12","2027-09-12",2668,3
421,"Project Beta-797","2027-03-13","2027-09-13",2669,2
422,"Project Beta-798","2027-03-14","2027-09-14",2670,5
423,"Project Beta-799","2027-03-15","2027-09-15",2671,4
424,"Project Beta-800","2027-03-16","2027-09-16",2672,1
425,"Project Beta-801","2027-03-17","2027-09-17",2673,3
426,"Project Beta-802","2027-03-18","2027-09-18",2674,2
427,"Project Beta-803","2027-03-19","2027-09-19",2675,5
428,"Project Beta-804","2027-03-20","2027-09-20",2676,4
429,"Project Beta-805","2027-03-21","2027-09-21",2677,1
430,"Project Beta-806","2027-03-22","2027-09-22",2678,3
431,"Project Beta-807","2027-03-23","2027-09-23",2679,2
432,"Project Beta-808","2027-03-24","2027-09-24",2680,5
433,"Project Beta-809","2027-03-25","2027-09-25",2681,4
434,"Project Beta-810","2027-03-26","2027-09-26",2682,1
435,"Project Beta-811","2027-03-27","2027-09-27",2683,3
436,"Project Beta-812","2027-03-28","2027-09-28",2684,2
437,"Project Beta-813","2027-03-29","2027-09-29",2685,5
438,"Project Beta-814","2027-03-30","2027-09-30",2686,4
439,"Project Beta-815","2027-03-31","2027-10-01",2687,1
440,"Project Beta-816","2027-04-01","2027-10-02",2688,3
441,"Project Beta-817","2027-04-02","2027-10-03",2689,2
442,"Project Beta-818","2027-04-03","2027-10-04",2690,5
443,"Project Beta-819","2027-04-04","2027-10-05",2691,4
444,"Project Beta-820","2027-04-05","2027-10-06",2692,1
445,"Project Beta-821","2027-04-06","2027-10-07",2693,3
446,"Project Beta-822","2027-04-07","2027-10-08",2694,2
447,"Project Beta-823","2027-04-08","2027-10-09",2695,5
448,"Project Beta-824","2027-04-09","2027-10-10",2696,4
449,"Project Beta-825","2027-04-10","2027-10-11",2697,1
450,"Project Beta-826","2027-04-11","2027-10-12",2698,3
451,"Project Beta-827","2027-04-12","2027-10-13",2699,2
452,"Project Beta-828","2027-04-13","2027-10-14",2700,5
453,"Project Beta-829","2027-04-14","2027-10-15",2701,4
454,"Project Beta-830","2027-04-15","2027-10-16",2702,1
455,"Project Beta-831","2027-04-16","2027-10-17",2703,3
456,"Project Beta-832","2027-04-17","2027-10-18",2704,2
457,"Project Beta-833","2027-04-18","2027-10-19",2705,5
458,"Project Beta-834","2027-04-19","2027-10-20",2706,4
459,"Project Beta-835","2027-04-20","2027-10-21",2707,1
460,"Project Beta-836","2027-04-21","2027-10-22",2708,3
461,"Project Beta-837","2027-04-22","2027-10-23",2709,2
462,"Project Beta-838","2027-04-23","2027-10-24",2710,5
463,"Project Beta-839","2027-04-24","2027-10-25",2711,4
464,"Project Beta-840","2027-04-25","2027-10-26",2712,1
465,"Project Beta-841","2027-04-26","2027-10-27",2713,3
466,"Project Beta-842","2027-04-27","2027-10-28",2714,2
467,"Project Beta-843","2027-04-28","2027-10-29",2715,5
468,"Project Beta-844","2027-04-29","2027-10-30",2716,4
469,"Project Beta-845","2027-04-30","2027-10-31",2717,1
470,"Project Beta-846","2027-05-01","2027-11-01",2718,3
471,"Project Beta-847","2027-05-02","2027-11-02",2719,2
472,"Project Beta-848","2027-05-03","2027-11-03",2720,5
473,"Project Beta-849","2027-05-04","2027-11-04",2721,4
474,"Project Beta-850","2027-05-05","2027-11-05",2722,1
475,"Project Beta-851","2027-05-06","2027-11-06",2723,3
476,"Project Beta-852","2027-05-07","2027-11-07",2724,2
477,"Project Beta-853","2027-05-08","2027-11-08",2725,5
478,"Project Beta-854","2027-05-09","2027-11-09",2726,4
479,"Project Beta-855","2027-05-10","2027-11-10",2727,1
480,"Project Beta-856","2027-05-11","2027-11-11",2728,3
481,"Project Beta-857","2027-05-12","2027-11-12",2729,2
482,"Project Beta-858","2027-05-13","2027-11-13",2730,5
483,"Project Beta-859","2027-05-14","2027-11-14",2731,4
484,"Project Beta-860","2027-05-15","2027-11-15",2732,1
485,"Project Beta-861","2027-05-16","2027-11-16",2733,3
486,"Project Beta-862","2027-05-17","2027-11-17",2734,2
487,"Project Beta-863","2027-05-18","2027-11-18",2735,5
488,"Project Beta-864","2027-05-19","2027-11-19",2736,4
489,"Project Beta-865","2027-05-20","2027-11-20",2737,1
490,"Project Beta-866","2027-05-21","2027-11-21",2738,3
491,"Project Beta-867","2027-05-22","2027-11-22",2739,2
492,"Project Beta-868","2027-05-23","2027-11-23",2740,5
493,"Project Beta-869","2027-05-24","2027-11-24",2741,4
494,"Project Beta-870","2027-05-25","2027-11-25",2742,1
495,"Project Beta-871","2027-05-26","2027-11-26",2743,3
496,"Project Beta-872","2027-05-27","2027-11-27",2744,2
497,"Project Beta-873","2027-05-28","2027-11-28",2745,5
498,"Project Beta-874","2027-05-29","2027-11-29",2746,4
499,"Project Beta-875","2027-05-30","2027-11-30",2747,1
500,"Project Beta-876","2027-05-31","2027-12-01",2748,3
501,"Project Beta-877","2027-06-01","2027-12-02",2749,2
502,"Project Beta-878","2027-06-02","2027-12-03",2750,5
503,"Project Beta-879","2027-06-03","2027-12-04",2751,4
504,"Project Beta-880","2027-06-04","2027-12-05",2752,1
505,"Project Beta-881","2027-06-05","2027-12-06",2753,3
506,"Project Beta-882","2027-06-06","2027-12-07",2754,2
507,"Project Beta-883","2027-06-07","2027-12-08",2755,5
508,"Project Beta-884","2027-06-08","2027-12-09",2756,4
509,"Project Beta-885","2027-06-09","2027-12-10",2757,1
510,"Project Beta-886","2027-06-10","2027-12-11",2758,3
511,"Project Beta-887","2027-06-11","2027-12-12",2759,2
512,"Project Beta-888","2027-06-12","2027-12-13",2760,5
513,"Project Beta-889","2027-06-13","2027-12-14",2761,4
514,"Project Beta-890","2027-06-14","2027-12-15",2762,1
515,"Project Beta-891","2027-06-15","2027-12-16",2763,3
516,"Project Beta-892","2027-06-16","2027-12-17",2764,2
517,"Project Beta-893","2027-06-17","2027-12-18",2765,5
518,"Project Beta-894","2027-06-18","2027-12-19",2766,4
519,"Project Beta-895","2027-06-19","2027-12-20",2767,1
520,"Project Beta-896","2027-06-20","2027-12-21",2768,3
521,"Project Beta-897","2027-06-21","2027-12-22",2769,2
522,"Project Beta-898","2027-06-22","2027-12-23",2770,5
523,"Project Beta-899","2027-06-23","2027-12-24",2771,4
524,"Project Beta-900","2027-06-24","2027-12-25",2772,1
525,"Project Beta-901","2027-06-25","2027-12-26",2773,3
526,"Project Beta-902","2027-06-26","2027-12-27",2774,2
527,"Project Beta-903","2027-06-27","2027-12-28",2775,5
528,"Project Beta-904","2027-06-28","2027-12-29",2776,4
529,"Project Beta-905","2027-06-29","2027-12-30",2777,1
530,"Project Beta-906","2027-06-30","2027-12-31",2778,3
531,"Project Beta-907","2027-07-01","2028-01-01",2779,2
532,"Project Beta-908","2027-07-02","2028-01-02",2780,5
533,"Project Beta-909","2027-07-03","2028-01-03",2781,4
534,"Project Beta-910","2027-07-04","2028-01-04",2782,1
535,"Project Beta-911","2027-07-05","2028-01-05",2783,3
536,"Project Beta-912","2027-07-06","2028-01-06",2784,2
537,"Project Beta-913","2027-07-07","2028-01-07",2785,5
538,"Project Beta-914","2027-07-08","2028-01-08",2786,4
539,"Project Beta-915","2027-07-09","2028-01-09",2787,1
540,"Project Beta-916","2027-07-10","2028-01-10",2788,3
541,"Project Beta-917","2027-07-11","2028-01-11",2789,2
542,"Project Beta-918","2027-07-12","2028-01-12",2790,5
543,"Project Beta-919","2027-07-13","2028-01-13",2791,4
544,"Project Beta-920","2027-07-14","2028-01-14",2792,1
545,"Project Beta-921","2027-07-15","2028-01-15",2793,3
546,"Project Beta-922","2027-07-16","2028-01-16",2794,2
547,"Project Beta-923","2027-07-17","2028-01-17",2795,5
548,"Project Beta-924","2027-07-18","2028-01-18",2796,4
549,"Project Beta-925","2027-07-19","2028-01-19",2797,1
550,"Project Beta-926","2027-07-20","2028-01-20",2798,3
551,"Project Beta-927","2027-07-21","2028-01-21",2799,2
552,"Project Beta-928","2027-07-22","2028-01-22",2800,5
553,"Project Beta-929","2027-07-23","2028-01-23",2801,4
554,"Project Beta-930","2027-07-24","2028-01-24",2802,1
555,"Project Beta-931","2027-07-25","2028-01-25",2803,3
556,"Project Beta-932","2027-07-26","2028-01-26",2804,2
557,"Project Beta-933","2027-07-27","2028-01-27",2805,5
558,"Project Beta-934","2027-07-28","2028-01-28",2806,4
559,"Project Beta-935","2027-07-29","2028-01-29",2807,1
560,"Project Beta-936","2027-07-30","2028-01-30",2808,3
561,"Project Beta-937","2027-07-31","2028-01-31",2809,2
562,"Project Beta-938","2027-08-01","2028-02-01",2810,5
563,"Project Beta-939","2027-08-02","2028-02-02",2811,4
564,"Project Beta-940","2027-08-03","2028-02-03",2812,1
565,"Project Beta-941","2027-08-04","2028-02-04",2813,3
566,"Project Beta-942","2027-08-05","2028-02-05",2814,2
567,"Project Beta-943","2027-08-06","2028-02-06",2815,5
568,"Project Beta-944","2027-08-07","2028-02-07",2816,4
569,"Project Beta-945","2027-08-08","2028-02-08",2817,1
570,"Project Beta-946","2027-08-09","2028-02-09",2818,3
571,"Project Beta-947","2027-08-10","2028-02-10",2819,2
572,"Project Beta-948","2027-08-11","2028-02-11",2820,5
573,"Project Beta-949","2027-08-12","2028-02-12",2821,4
574,"Project Beta-950","2027-08-13","2028-02-13",2822,1
575,"Project Beta-951","2027-08-14","2028-02-14",2823,3
576,"Project Beta-952","2027-08-15","2028-02-15",2824,2
577,"Project Beta-953","2027-08-16","2028-02-16",2825,5
578,"Project Beta-954","2027-08-17","2028-02-17",2826,4
579,"Project Beta-955","2027-08-18","2028-02-18",2827,1
580,"Project Beta-956","2027-08-19","2028-02-19",2828,3
581,"Project Beta-957","2027-08-20","2028-02-20",2829,2
582,"Project Beta-958","2027-08-21","2028-02-21",2830,5
583,"Project Beta-959","2027-08-22","2028-02-22",2831,4
584,"Project Beta-960","2027-08-23","2028-02-23",2832,1
585,"Project Beta-961","2027-08-24","2028-02-24",2833,3
586,"Project Beta-962","2027-08-25","2028-02-25",2834,2
587,"Project Beta-963","2027-08-26","2028-02-26",2835,5
588,"Project Beta-964","2027-08-27","2028-02-27",2836,4
589,"Project Beta-965","2027-08-28","2028-02-28",2837,1
590,"Project Beta-966","2027-08-29","2028-02-29",2838,3
591,"Project Beta-967","2027-08-30","2028-03-01",2839,2
592,"Project Beta-968","2027-08-31","2028-03-02",2840,5
593,"Project Beta-969","2027-09-01","2028-03-03",2841,4
594,"Project Beta-970","2027-09-02","2028-03-04",2842,1
595,"Project Beta-971","2027-09-03","2028-03-05",2843,3
596,"Project Beta-972","2027-09-04","2028-03-06",2844,2
597,"Project Beta-973","2027-09-05","2028-03-07",2845,5
598,"Project Beta-974","2027-09-06","2028-03-08",2846,4
599,"Project Beta-975","2027-09-07","2028-03-09",2847,1
600,"Project Beta-976","2027-09-08","2028-03-10",2848,3
601,"Project Beta-977","2027-09-09","2028-03-11",2849,2
602,"Project Beta-978","2027-09-10","2028-03-12",2850,5
603,"Project Beta-979","2027-09-11","2028-03-13",2851,4
604,"Project Beta-980","2027-09-12","2028-03-14",2852,1
605,"Project Beta-981","2027-09-13","2028-03-15",2853,3
606,"Project Beta-982","2027-09-14","2028-03-16",2854,2
607,"Project Beta-983","2027-09-15","2028-03-17",2855,5
608,"Project Beta-984","2027-09-16","2028-03-18",2856,4
609,"Project Beta-985","2027-09-17","2028-03-19",2857,1
610,"Project Beta-986","2027-09-18","2028-03-20",2858,3
611,"Project Beta-987","2027-09-19","2028-03-21",2859,2
612,"Project Beta-988","2027-09-20","2028-03-22",2860,5
613,"Project Beta-989","2027-09-21","2028-03-23",2861,4
614,"Project Beta-990","2027-09-22","2028-03-24",2862,1
615,"Project Beta-991","2027-09-23","2028-03-25",2863,3
616,"Project Beta-992","2027-09-24","2028-03-26",2864,2
617,"Project Beta-993","2027-09-25","2028-03-27",2865,5
618,"Project Beta-994","2027-09-26","2028-03-28",2866,4
619,"Project Beta-995","2027-09-27","2028-03-29",2867,1
620,"Project Beta-996","2027-09-28","2028-03-30",2868,3
621,"Project Beta-997","2027-09-29","2028-03-31",2869,2
622,"Project Beta-998","2027-09-30","2028-04-01",2870,5
623,"Project Beta-999","2027-10-01","2028-04-02",2871,4
624,"Project Beta-1000","2027-10-02","2028-04-03",2872,1
625,"Project Beta-1001","2027-10-03","2028-04-04",2873,3
626,"Project Beta-1002","2027-10-04","2028-04-05",2874,2
627,"Project Beta-1003","2027-10-05","2028-04-06",2875,5
628,"Project Beta-1004","2027-10-06","2028-04-07",2876,4
629,"Project Beta-1005","2027-10-07","2028-04-08",2877,1
630,"Project Beta-1006","2027-10-08","2028-04-09",2878,3
631,"Project Beta-1007","2027-10-09","2028-04-10",2879,2
632,"Project Beta-1008","2027-10-10","2028-04-11",2880,5
633,"Project Beta-1009","2027-10-11","2028-04-12",2881,4
634,"Project Beta-1010","2027-10-12","2028-04-13",2882,1
635,"Project Beta-1011","2027-10-13","2028-04-14",2883,3
636,"Project Beta-1012","2027-10-14","2028-04-15",2884,2
637,"Project Beta-1013","2027-10-15","2028-04-16",2885,5
638,"Project Beta-1014","2027-10-16","2028-04-17",2886,4
639,"Project Beta-1015","2027-10-17","2028-04-18",2887,1
640,"Project Beta-1016","2027-10-18","2028-04-19",2888,3
641,"Project Beta-1017","2027-10-19","2028-04-20",2889,2
642,"Project Beta-1018","2027-10-20","2028-04-21",2890,5
643,"Project Beta-1019","2027-10-21","2028-04-22",2891,4
644,"Project Beta-1020","2027-10-22","2028-04-23",2892,1
645,"Project Beta-1021","2027-10-23","2028-04-24",2893,3
646,"Project Beta-1022","2027-10-24","2028-04-25",2894,2
647,"Project Beta-1023","2027-10-25","2028-04-26",2895,5
648,"Project Beta-1024","2027-10-26","2028-04-27",2896,4
649,"Project Beta-1025","2027-10-27","2028-04-28",2897,1
650,"Project Beta-1026","2027-10-28","2028-04-29",2898,3
651,"Project Beta-1027","2027-10-29","2028-04-30",2899,2
652,"Project Beta-1028","2027-10-30","2028-05-01",2900,5
653,"Project Beta-1029","2027-10-31","2028-05-02",2901,4
654,"Project Beta-1030","2027-11-01","2028-05-03",2902,1
655,"Project Beta-1031","2027-11-02","2028-05-04",2903,3
656,"Project Beta-1032","2027-11-03","2028-05-05",2904,2
657,"Project Beta-1033","2027-11-04","2028-05-06",2905,5
658,"Project Beta-1034","2027-11-05","2028-05-07",2906,4
659,"Project Beta-1035","2027-11-06","2028-05-08",2907,1
660,"Project Beta-1036","2027-11-07","2028-05-09",2908,3
661,"Project Beta-1037","2027-11-08","2028-05-10",2909,2
662,"Project Beta-1038","2027-11-09","2028-05-11",2910,5
663,"Project Beta-1039","2027-11-10","2028-05-12",2911,4
664,"Project Beta-1040","2027-11-11","2028-05-13",2912,1
665,"Project Beta-1041","2027-11-12","2028-05-14",2913,3
666,"Project Beta-1042","2027-11-13","2028-05-15",2914,2
667,"Project Beta-1043","2027-11-14","2028-05-16",2915,5
668,"Project Beta-1044","2027-11-15","2028-05-17",2916,4
669,"Project Beta-1045","2027-11-16","2028-05-18",2917,1
670,"Project Beta-1046","2027-11-17","2028-05-19",2918,3
671,"Project Beta-1047","2027-11-18","2028-05-20",2919,2
672,"Project Beta-1048","2027-11-19","2028-05-21",2920,5
673,"Project Beta-1049","2027-11-20","2028-05-22",2921,4
674,"Project Beta-1050","2027-11-21","2028-05-23",2922,1
675,"Project Beta-1051","2027-11-22","2028-05-24",2923,3
676,"Project Beta-1052","2027-11-23","2028-05-25",2924,2
677,"Project Beta-1053","2027-11-24","2028-05-26",2925,5
678,"Project Beta-1054","2027-11-25","2028-05-27",2926,4
679,"Project Beta-1055","2027-11-26","2028-05-28",2927,1
680,"Project Beta-1056","2027-11-27","2028-05-29",2928,3
681,"Project Beta-1057","2027-11-28","2028-05-30",2929,2
682,"Project Beta-1058","2027-11-29","2028-05-31",2930,5
683,"Project Beta-1059","2027-11-30","2028-06-01",2931,4
684,"Project Beta-1060","2027-12-01","2028-06-02",2932,1
685,"Project Beta-1061","2027-12-02","2028-06-03",2933,3
686,"Project Beta-1062","2027-12-03","2028-06-04",2934,2
687,"Project Beta-1063","2027-12-04","2028-06-05",2935,5
688,"Project Beta-1064","2027-12-05","2028-06-06",2936,4
689,"Project Beta-1065","2027-12-06","2028-06-07",2937,1
690,"Project Beta-1066","2027-12-07","2028-06-08",2938,3
691,"Project Beta-1067","2027-12-08","2028-06-09",2939,2
692,"Project Beta-1068","2027-12-09","2028-06-10",2940,5
693,"Project Beta-1069","2027-12-10","2028-06-11",2941,4
694,"Project Beta-1070","2027-12-11","2028-06-12",2942,1
695,"Project Beta-1071","2027-12-12","2028-06-13",2943,3
696,"Project Beta-1072","2027-12-13","2028-06-14",2944,2
697,"Project Beta-1073","2027-12-14","2028-06-15",2945,5
698,"Project Beta-1074","2027-12-15","2028-06-16",2946,4
699,"Project Beta-1075","2027-12-16","2028-06-17",2947,1
700,"Project Beta-1076","2027-12-17","2028-06-18",2948,3
701,"Project Beta-1077","2027-12-18","2028-06-19",2949,2
702,"Project Beta-1078","2027-12-19","2028-06-20",2950,5
703,"Project Beta-1079","2027-12-20","2028-06-21",2951,4
704,"Project Beta-1080","2027-12-21","2028-06-22",2952,1
705,"Project Beta-1081","2027-12-22","2028-06-23",2953,3
706,"Project Beta-1082","2027-12-23","2028-06-24",2954,2
707,"Project Beta-1083","2027-12-24","2028-06-25",2955,5
708,"Project Beta-1084","2027-12-25","2028-06-26",2956,4
709,"Project Beta-1085","2027-12-26","2028-06-27",2957,1
710,"Project Beta-1086","2027-12-27","2028-06-28",2958,3
711,"Project Beta-1087","2027-12-28","2028-06-29",2959,2
712,"Project Beta-1088","2027-12-29","2028-06-30",2960,5
713,"Project Beta-1089","2027-12-30","2028-07-01",2961,4
714,"Project Beta-1090","2027-12-31","2028-07-02",2962,1
715,"Project Beta-1091","2028-01-01","2028-07-03",2963,3
716,"Project Beta-1092","2028-01-02","2028-07-04",2964,2
717,"Project Beta-1093","2028-01-03","2028-07-05",2965,5
718,"Project Beta-1094","2028-01-04","2028-07-06",2966,4
719,"Project Beta-1095","2028-01-05","2028-07-07",2967,1
720,"Project Beta-1096","2028-01-06","2028-07-08",2968,3
721,"Project Beta-1097","2028-01-07","2028-07-09",2969,2
722,"Project Beta-1098","2028-01-08","2028-07-10",2970,5
723,"Project Beta-1099","2028-01-09","2028-07-11",2971,4
724,"Project Beta-1100","2028-01-10","2028-07-12",2972,1
725,"Project Beta-1101","2028-01-11","2028-07-13",2973,3
726,"Project Beta-1102","2028-01-12","2028-07-14",2974,2
727,"Project Beta-1103","2028-01-13","2028-07-15",2975,5
728,"Project Beta-1104","2028-01-14","2028-07-16",2976,4
729,"Project Beta-1105","2028-01-15","2028-07-17",2977,1
730,"Project Beta-1106","2028-01-16","2028-07-18",2978,3
731,"Project Beta-1107","2028-01-17","2028-07-19",2979,2
732,"Project Beta-1108","2028-01-18","2028-07-20",2980,5
733,"Project Beta-1109","2028-01-19","2028-07-21",2981,4
734,"Project Beta-1110","2028-01-20","2028-07-22",2982,1
735,"Project Beta-1111","2028-01-21","2028-07-23",2983,3
736,"Project Beta-1112","2028-01-22","2028-07-24",2984,2
737,"Project Beta-1113","2028-01-23","2028-07-25",2985,5
738,"Project Beta-1114","2028-01-24","2028-07-26",2986,4
739,"Project Beta-1115","2028-01-25","2028-07-27",2987,1
740,"Project Beta-1116","2028-01-26","2028-07-28",2988,3
741,"Project Beta-1117","2028-01-27","2028-07-29",2989,2
742,"Project Beta-1118","2028-01-28","2028-07-30",2990,5
743,"Project Beta-1119","2028-01-29","2028-07-31",2991,4
744,"Project Beta-1120","2028-01-30","2028-08-01",2992,1
745,"Project Beta-1121","2028-01-31","2028-08-02",2993,3
746,"Project Beta-1122","2028-02-01","2028-08-03",2994,2
747,"Project Beta-1123","2028-02-02","2028-08-04",2995,5
748,"Project Beta-1124","2028-02-03","2028-08-05",2996,4
749,"Project Beta-1125","2028-02-04","2028-08-06",2997,1
750,"Project Beta-1126","2028-02-05","2028-08-07",2998,3
751,"Project Beta-1127","2028-02-06","2028-08-08",2999,2
752,"Project Beta-1128","2028-02-07","2028-08-09",3000,5
753,"Project Beta-1129","2028-02-08","2028-08-10",3001,4
754,"Project Beta-1130","2028-02-09","2028-08-11",3002,1
755,"Project Beta-1131","2028-02-10","2028-08-12",3003,3
756,"Project Beta-1132","2028-02-11","2028-08-13",3004,2
757,"Project Beta-1133","2028-02-12","2028-08-14",3005,5
758,"Project Beta-1134","2028-02-13","2028-08-15",3006,4
759,"Project Beta-1135","2028-02-14","2028-08-16",3007,1
760,"Project Beta-1136","2028-02-15","2028-08-17",3008,3
761,"Project Beta-1137","2028-02-16","2028-08-18",3009,2
762,"Project Beta-1138","2028-02-17","2028-08-19",3010,5
763,"Project Beta-1139","2028-02-18","2028-08-20",3011,4
764,"Project Beta-1140","2028-02-19","2028-08-21",3012,1
765,"Project Beta-1141","2028-02-20","2028-08-22",3013,3
766,"Project Beta-1142","2028-02-21","2028-08-23",3014,2
767,"Project Beta-1143","2028-02-22","2028-08-24",3015,5
768,"Project Beta-1144","2028-02-23","2028-08-25",3016,4
769,"Project Beta-1145","2028-02-24","2028-08-26",3017,1
770,"Project Beta-1146","2028-02-25","2028-08-27",3018,3
771,"Project Beta-1147","2028-02-26","2028-08-28",3019,2
772,"Project Beta-1148","2028-02-27","2028-08-29",3020,5
773,"Project Beta-1149","2028-02-28","2028-08-30",3021,4
774,"Project Beta-1150","2028-02-29","2028-08-31",3022,1
775,"Project Beta-1151","2028-03-01","2028-09-01",3023,3
776,"Project Beta-1152","2028-03-02","2028-09-02",3024,2
777,"Project Beta-1153","2028-03-03","2028-09-03",3025,5
778,"Project Beta-1154","2028-03-04","2028-09-04",3026,4
779,"Project Beta-1155","2028-03-05","2028-09-05",3027,1
780,"Project Beta-1156","2028-03-06","2028-09-06",3028,3
781,"Project Alpha-580","2026-08-08","2027-02-08",3029,3
782,"Project Alpha-581","2026-08-09","2027-02-09",3030,5
783,"Project Alpha-582","2026-08-10","2027-02-10",3031,1
784,"Project Alpha-583","2026-08-11","2027-02-11",3032,2
785,"Project Alpha-584","2026-08-12","2027-02-12",3033,4
786,"Project Alpha-585","2026-08-13","2027-02-13",3034,3
787,"Project Alpha-586","2026-08-14","2027-02-14",3035,5
788,"Project Alpha-587","2026-08-15","2027-02-15",3036,1
789,"Project Alpha-588","2026-08-16","2027-02-16",3037,2
790,"Project Alpha-589","2026-08-17","2027-02-17",3038,4
791,"Project Alpha-590","2026-08-18","2027-02-18",3039,3
792,"Project Alpha-591","2026-08-19","2027-02-19",3040,5
793,"Project Alpha-592","2026-08-20","2027-02-20",3041,1
794,"Project Alpha-593","2026-08-21","2027-02-21",3042,2
795,"Project Alpha-594","2026-08-22","2027-02-22",3043,4
796,"Project Alpha-595","2026-08-23","2027-02-23",3044,3
797,"Project Alpha-596","2026-08-24","2027-02-24",3045,5
798,"Project Alpha-597","2026-08-25","2027-02-25",3046,1
799,"Project Alpha-598","2026-08-26","2027-02-26",3047,2
800,"Project Alpha-599","2026-08-27","2027-02-27",3048,4
