"time_entry_id","task_id","employee_id","work_date","hours_spent","notes"
802,1,2249,"2024-01-01","8.00","Work entry 1"
803,2,2250,"2024-01-01","8.00","Work entry 2"
804,3,2251,"2024-01-01","8.00","Work entry 3"
805,4,2252,"2024-01-01","8.00","Work entry 4"
806,5,2253,"2024-01-01","8.00","Work entry 5"
807,6,2254,"2024-01-01","8.00","Work entry 6"
808,7,2255,"2024-01-01","8.00","Work entry 7"
809,8,2256,"2024-01-01","8.00","Work entry 8"
810,9,2257,"2024-01-01","8.00","Work entry 9"
811,10,2258,"2024-01-01","8.00","Work entry 10"
812,1,2259,"2024-01-01","8.00","Work entry 11"
813,2,2260,"2024-01-01","8.00","Work entry 12"
814,3,2261,"2024-01-01","8.00","Work entry 13"
815,4,2262,"2024-01-01","8.00","Work entry 14"
816,5,2263,"2024-01-01","8.00","Work entry 15"
817,6,2264,"2024-01-01","8.00","Work entry 16"
818,7,2265,"2024-01-01","8.00","Work entry 17"
819,8,2266,"2024-01-01","8.00","Work entry 18"
820,9,2267,"2024-01-01","8.00","Work entry 19"
821,10,2268,"2024-01-01","8.00","Work entry 20"
822,1,2269,"2024-01-01","8.00","Work entry 21"
823,2,2270,"2024-01-01","8.00","Work entry 22"
824,3,2271,"2024-01-01","8.00","Work entry 23"
825,4,2272,"2024-01-01","8.00","Work entry 24"
826,5,2273,"2024-01-01","8.00","Work entry 25"
827,6,2274,"2024-01-01","8.00","Work entry 26"
828,7,2275,"2024-01-01","8.00","Work entry 27"
829,8,2276,"2024-01-01","8.00","Work entry 28"
830,9,2277,"2024-01-01","8.00","Work entry 29"
831,10,2278,"2024-01-01","8.00","Work entry 30"
832,1,2279,"2024-01-01","8.00","Work entry 31"
833,2,2280,"2024-01-01","8.00","Work entry 32"
834,3,2281,"2024-01-01","8.00","Work entry 33"
835,4,2282,"2024-01-01","8.00","Work entry 34"
836,5,2283,"2024-01-01","8.00","Work entry 35"
837,6,2284,"2024-01-01","8.00","Work entry 36"
838,7,2285,"2024-01-01","8.00","Work entry 37"
839,8,2286,"2024-01-01","8.00","Work entry 38"
840,9,2287,"2024-01-01","8.00","Work entry 39"
841,10,2288,"2024-01-01","8.00","Work entry 40"
842,1,2289,"2024-01-01","8.00","Work entry 41"
843,2,2290,"2024-01-01","8.00","Work entry 42"
844,3,2291,"2024-01-01","8.00","Work entry 43"
845,4,2292,"2024-01-01","8.00","Work entry 44"
846,5,2293,"2024-01-01","8.00","Work entry 45"
847,6,2294,"2024-01-01","8.00","Work entry 46"
848,7,2295,"2024-01-01","8.00","Work entry 47"
849,8,2296,"2024-01-01","8.00","Work entry 48"
850,9,2297,"2024-01-01","8.00","Work entry 49"
851,10,2298,"2024-01-01","8.00","Work entry 50"
852,1,2299,"2024-01-01","8.00","Work entry 51"
853,2,2300,"2024-01-01","8.00","Work entry 52"
854,3,2301,"2024-01-01","8.00","Work entry 53"
855,4,2302,"2024-01-01","8.00","Work entry 54"
856,5,2303,"2024-01-01","8.00","Work entry 55"
857,6,2304,"2024-01-01","8.00","Work entry 56"
858,7,2305,"2024-01-01","8.00","Work entry 57"
859,8,2306,"2024-01-01","8.00","Work entry 58"
860,9,2307,"2024-01-01","8.00","Work entry 59"
861,10,2308,"2024-01-01","8.00","Work entry 60"
862,1,2309,"2024-01-01","8.00","Work entry 61"
863,2,2310,"2024-01-01","8.00","Work entry 62"
864,3,2311,"2024-01-01","8.00","Work entry 63"
865,4,2312,"2024-01-01","8.00","Work entry 64"
866,5,2313,"2024-01-01","8.00","Work entry 65"
867,6,2314,"2024-01-01","8.00","Work entry 66"
868,7,2315,"2024-01-01","8.00","Work entry 67"
869,8,2316,"2024-01-01","8.00","Work entry 68"
870,9,2317,"2024-01-01","8.00","Work entry 69"
871,10,2318,"2024-01-01","8.00","Work entry 70"
872,1,2319,"2024-01-01","8.00","Work entry 71"
873,2,2320,"2024-01-01","8.00","Work entry 72"
874,3,2321,"2024-01-01","8.00","Work entry 73"
875,4,2322,"2024-01-01","8.00","Work entry 74"
876,5,2323,"2024-01-01","8.00","Work entry 75"
877,6,2324,"2024-01-01","8.00","Work entry 76"
878,7,2325,"2024-01-01","8.00","Work entry 77"
879,8,2326,"2024-01-01","8.00","Work entry 78"
880,9,2327,"2024-01-01","8.00","Work entry 79"
881,10,2328,"2024-01-01","8.00","Work entry 80"
882,1,2329,"2024-01-01","8.00","Work entry 81"
883,2,2330,"2024-01-01","8.00","Work entry 82"
884,3,2331,"2024-01-01","8.00","Work entry 83"
885,4,2332,"2024-01-01","8.00","Work entry 84"
886,5,2333,"2024-01-01","8.00","Work entry 85"
887,6,2334,"2024-01-01","8.00","Work entry 86"
888,7,2335,"2024-01-01","8.00","Work entry 87"
889,8,2336,"2024-01-01","8.00","Work entry 88"
890,9,2337,"2024-01-01","8.00","Work entry 89"
891,10,2338,"2024-01-01","8.00","Work entry 90"
892,1,2339,"2024-01-01","8.00","Work entry 91"
893,2,2340,"2024-01-01","8.00","Work entry 92"
894,3,2341,"2024-01-01","8.00","Work entry 93"
895,4,2342,"2024-01-01","8.00","Work entry 94"
896,5,2343,"2024-01-01","8.00","Work entry 95"
897,6,2344,"2024-01-01","8.00","Work entry 96"
898,7,2345,"2024-01-01","8.00","Work entry 97"
899,8,2346,"2024-01-01","8.00","Work entry 98"
900,9,2347,"2024-01-01","8.00","Work entry 99"
901,10,2348,"2024-01-01","8.00","Work entry 100"
902,1,2349,"2024-01-01","8.00","Work entry 101"
903,2,2350,"2024-01-01","8.00","Work entry 102"
904,3,2351,"2024-01-01","8.00","Work entry 103"
905,4,2352,"2024-01-01","8.00","Work entry 104"
906,5,2353,"2024-01-01","8.00","Work entry 105"
907,6,2354,"2024-01-01","8.00","Work entry 106"
908,7,2355,"2024-01-01","8.00","Work entry 107"
909,8,2356,"2024-01-01","8.00","Work entry 108"
910,9,2357,"2024-01-01","8.00","Work entry 109"
911,10,2358,"2024-01-01","8.00","Work entry 110"
912,1,2359,"2024-01-01","8.00","Work entry 111"
913,2,2360,"2024-01-01","8.00","Work entry 112"
914,3,2361,"2024-01-01","8.00","Work entry 113"
915,4,2362,"2024-01-01","8.00","Work entry 114"
916,5,2363,"2024-01-01","8.00","Work entry 115"
917,6,2364,"2024-01-01","8.00","Work entry 116"
918,7,2365,"2024-01-01","8.00","Work entry 117"
919,8,2366,"2024-01-01","8.00","Work entry 118"
920,9,2367,"2024-01-01","8.00","Work entry 119"
921,10,2368,"2024-01-01","8.00","Work entry 120"
922,1,2369,"2024-01-01","8.00","Work entry 121"
923,2,2370,"2024-01-01","8.00","Work entry 122"
924,3,2371,"2024-01-01","8.00","Work entry 123"
925,4,2372,"2024-01-01","8.00","Work entry 124"
926,5,2373,"2024-01-01","8.00","Work entry 125"
927,6,2374,"2024-01-01","8.00","Work entry 126"
928,7,2375,"2024-01-01","8.00","Work entry 127"
929,8,2376,"2024-01-01","8.00","Work entry 128"
930,9,2377,"2024-01-01","8.00","Work entry 129"
931,10,2378,"2024-01-01","8.00","Work entry 130"
932,1,2379,"2024-01-01","8.00","Work entry 131"
933,2,2380,"2024-01-01","8.00","Work entry 132"
934,3,2381,"2024-01-01","8.00","Work entry 133"
935,4,2382,"2024-01-01","8.00","Work entry 134"
936,5,2383,"2024-01-01","8.00","Work entry 135"
937,6,2384,"2024-01-01","8.00","Work entry 136"
938,7,2385,"2024-01-01","8.00","Work entry 137"
939,8,2386,"2024-01-01","8.00","Work entry 138"
940,9,2387,"2024-01-01","8.00","Work entry 139"
941,10,2388,"2024-01-01","8.00","Work entry 140"
942,1,2389,"2024-01-01","8.00","Work entry 141"
943,2,2390,"2024-01-01","8.00","Work entry 142"
944,3,2391,"2024-01-01","8.00","Work entry 143"
945,4,2392,"2024-01-01","8.00","Work entry 144"
946,5,2393,"2024-01-01","8.00","Work entry 145"
947,6,2394,"2024-01-01","8.00","Work entry 146"
948,7,2395,"2024-01-01","8.00","Work entry 147"
949,8,2396,"2024-01-01","8.00","Work entry 148"
950,9,2397,"2024-01-01","8.00","Work entry 149"
951,10,2398,"2024-01-01","8.00","Work entry 150"
952,1,2399,"2024-01-01","8.00","Work entry 151"
953,2,2400,"2024-01-01","8.00","Work entry 152"
954,3,2401,"2024-01-01","8.00","Work entry 153"
955,4,2402,"2024-01-01","8.00","Work entry 154"
956,5,2403,"2024-01-01","8.00","Work entry 155"
957,6,2404,"2024-01-01","8.00","Work entry 156"
958,7,2405,"2024-01-01","8.00","Work entry 157"
959,8,2406,"2024-01-01","8.00","Work entry 158"
960,9,2407,"2024-01-01","8.00","Work entry 159"
961,10,2408,"2024-01-01","8.00","Work entry 160"
962,1,2409,"2024-01-01","8.00","Work entry 161"
963,2,2410,"2024-01-01","8.00","Work entry 162"
964,3,2411,"2024-01-01","8.00","Work entry 163"
965,4,2412,"2024-01-01","8.00","Work entry 164"
966,5,2413,"2024-01-01","8.00","Work entry 165"
967,6,2414,"2024-01-01","8.00","Work entry 166"
968,7,2415,"2024-01-01","8.00","Work entry 167"
969,8,2416,"2024-01-01","8.00","Work entry 168"
970,9,2417,"2024-01-01","8.00","Work entry 169"
971,10,2418,"2024-01-01","8.00","Work entry 170"
972,1,2419,"2024-01-01","8.00","Work entry 171"
973,2,2420,"2024-01-01","8.00","Work entry 172"
974,3,2421,"2024-01-01","8.00","Work entry 173"
975,4,2422,"2024-01-01","8.00","Work entry 174"
976,5,2423,"2024-01-01","8.00","Work entry 175"
977,6,2424,"2024-01-01","8.00","Work entry 176"
978,7,2425,"2024-01-01","8.00","Work entry 177"
979,8,2426,"2024-01-01","8.00","Work entry 178"
980,9,2427,"2024-01-01","8.00","Work entry 179"
981,10,2428,"2024-01-01","8.00","Work entry 180"
982,1,2429,"2024-01-01","8.00","Work entry 181"
983,2,2430,"2024-01-01","8.00","Work entry 182"
984,3,2431,"2024-01-01","8.00","Work entry 183"
985,4,2432,"2024-01-01","8.00","Work entry 184"
986,5,2433,"2024-01-01","8.00","Work entry 185"
987,6,2434,"2024-01-01","8.00","Work entry 186"
988,7,2435,"2024-01-01","8.00","Work entry 187"
989,8,2436,"2024-01-01","8.00","Work entry 188"
990,9,2437,"2024-01-01","8.00","Work entry 189"
991,10,2438,"2024-01-01","8.00","Work entry 190"
992,1,2439,"2024-01-01","8.00","Work entry 191"
993,2,2440,"2024-01-01","8.00","Work entry 192"
994,3,2441,"2024-01-01","8.00","Work entry 193"
995,4,2442,"2024-01-01","8.00","Work entry 194"
996,5,2443,"2024-01-01","8.00","Work entry 195"
997,6,2444,"2024-01-01","8.00","Work entry 196"
998,7,2445,"2024-01-01","8.00","Work entry 197"
999,8,2446,"2024-01-01","8.00","Work entry 198"
1000,9,2447,"2024-01-01","8.00","Work entry 199"
1001,10,2448,"2024-01-01","8.00","Work entry 200"
1002,1,2449,"2024-01-01","8.00","Work entry 201"
1003,2,2450,"2024-01-01","8.00","Work entry 202"
1004,3,2451,"2024-01-01","8.00","Work entry 203"
1005,4,2452,"2024-01-01","8.00","Work entry 204"
1006,5,2453,"2024-01-01","8.00","Work entry 205"
1007,6,2454,"2024-01-01","8.00","Work entry 206"
1008,7,2455,"2024-01-01","8.00","Work entry 207"
1009,8,2456,"2024-01-01","8.00","Work entry 208"
1010,9,2457,"2024-01-01","8.00","Work entry 209"
1011,10,2458,"2024-01-01","8.00","Work entry 210"
1012,1,2459,"2024-01-01","8.00","Work entry 211"
1013,2,2460,"2024-01-01","8.00","Work entry 212"
1014,3,2461,"2024-01-01","8.00","Work entry 213"
1015,4,2462,"2024-01-01","8.00","Work entry 214"
1016,5,2463,"2024-01-01","8.00","Work entry 215"
1017,6,2464,"2024-01-01","8.00","Work entry 216"
1018,7,2465,"2024-01-01","8.00","Work entry 217"
1019,8,2466,"2024-01-01","8.00","Work entry 218"
1020,9,2467,"2024-01-01","8.00","Work entry 219"
1021,10,2468,"2024-01-01","8.00","Work entry 220"
1022,1,2469,"2024-01-01","8.00","Work entry 221"
1023,2,2470,"2024-01-01","8.00","Work entry 222"
1024,3,2471,"2024-01-01","8.00","Work entry 223"
1025,4,2472,"2024-01-01","8.00","Work entry 224"
1026,5,2473,"2024-01-01","8.00","Work entry 225"
1027,6,2474,"2024-01-01","8.00","Work entry 226"
1028,7,2475,"2024-01-01","8.00","Work entry 227"
1029,8,2476,"2024-01-01","8.00","Work entry 228"
1030,9,2477,"2024-01-01","8.00","Work entry 229"
1031,10,2478,"2024-01-01","8.00","Work entry 230"
1032,1,2479,"2024-01-01","8.00","Work entry 231"
1033,2,2480,"2024-01-01","8.00","Work entry 232"
1034,3,2481,"2024-01-01","8.00","Work entry 233"
1035,4,2482,"2024-01-01","8.00","Work entry 234"
1036,5,2483,"2024-01-01","8.00","Work entry 235"
1037,6,2484,"2024-01-01","8.00","Work entry 236"
1038,7,2485,"2024-01-01","8.00","Work entry 237"
1039,8,2486,"2024-01-01","8.00","Work entry 238"
1040,9,2487,"2024-01-01","8.00","Work entry 239"
1041,10,2488,"2024-01-01","8.00","Work entry 240"
1042,1,2489,"2024-01-01","8.00","Work entry 241"
1043,2,2490,"2024-01-01","8.00","Work entry 242"
1044,3,2491,"2024-01-01","8.00","Work entry 243"
1045,4,2492,"2024-01-01","8.00","Work entry 244"
1046,5,2493,"2024-01-01","8.00","Work entry 245"
1047,6,2494,"2024-01-01","8.00","Work entry 246"
1048,7,2495,"2024-01-01","8.00","Work entry 247"
1049,8,2496,"2024-01-01","8.00","Work entry 248"
1050,9,2497,"2024-01-01","8.00","Work entry 249"
1051,10,2498,"2024-01-01","8.00","Work entry 250"
1052,1,2499,"2024-01-01","8.00","Work entry 251"
1053,2,2500,"2024-01-01","8.00","Work entry 252"
1054,3,2501,"2024-01-01","8.00","Work entry 253"
1055,4,2502,"2024-01-01","8.00","Work entry 254"
1056,5,2503,"2024-01-01","8.00","Work entry 255"
1057,6,2504,"2024-01-01","8.00","Work entry 256"
1058,7,2505,"2024-01-01","8.00","Work entry 257"
1059,8,2506,"2024-01-01","8.00","Work entry 258"
1060,9,2507,"2024-01-01","8.00","Work entry 259"
1061,10,2508,"2024-01-01","8.00","Work entry 260"
1062,1,2509,"2024-01-01","8.00","Work entry 261"
1063,2,2510,"2024-01-01","8.00","Work entry 262"
1064,3,2511,"2024-01-01","8.00","Work entry 263"
1065,4,2512,"2024-01-01","8.00","Work entry 264"
1066,5,2513,"2024-01-01","8.00","Work entry 265"
1067,6,2514,"2024-01-01","8.00","Work entry 266"
1068,7,2515,"2024-01-01","8.00","Work entry 267"
1069,8,2516,"2024-01-01","8.00","Work entry 268"
1070,9,2517,"2024-01-01","8.00","Work entry 269"
1071,10,2518,"2024-01-01","8.00","Work entry 270"
1072,1,2519,"2024-01-01","8.00","Work entry 271"
1073,2,2520,"2024-01-01","8.00","Work entry 272"
1074,3,2521,"2024-01-01","8.00","Work entry 273"
1075,4,2522,"2024-01-01","8.00","Work entry 274"
1076,5,2523,"2024-01-01","8.00","Work entry 275"
1077,6,2524,"2024-01-01","8.00","Work entry 276"
1078,7,2525,"2024-01-01","8.00","Work entry 277"
1079,8,2526,"2024-01-01","8.00","Work entry 278"
1080,9,2527,"2024-01-01","8.00","Work entry 279"
1081,10,2528,"2024-01-01","8.00","Work entry 280"
1082,1,2529,"2024-01-01","8.00","Work entry 281"
1083,2,2530,"2024-01-01","8.00","Work entry 282"
1084,3,2531,"2024-01-01","8.00","Work entry 283"
1085,4,2532,"2024-01-01","8.00","Work entry 284"
1086,5,2533,"2024-01-01","8.00","Work entry 285"
1087,6,2534,"2024-01-01","8.00","Work entry 286"
1088,7,2535,"2024-01-01","8.00","Work entry 287"
1089,8,2536,"2024-01-01","8.00","Work entry 288"
1090,9,2537,"2024-01-01","8.00","Work entry 289"
1091,10,2538,"2024-01-01","8.00","Work entry 290"
1092,1,2539,"2024-01-01","8.00","Work entry 291"
1093,2,2540,"2024-01-01","8.00","Work entry 292"
1094,3,2541,"2024-01-01","8.00","Work entry 293"
1095,4,2542,"2024-01-01","8.00","Work entry 294"
1096,5,2543,"2024-01-01","8.00","Work entry 295"
1097,6,2544,"2024-01-01","8.00","Work entry 296"
1098,7,2545,"2024-01-01","8.00","Work entry 297"
1099,8,2546,"2024-01-01","8.00","Work entry 298"
1100,9,2547,"2024-01-01","8.00","Work entry 299"
1101,10,2548,"2024-01-01","8.00","Work entry 300"
1102,1,2549,"2024-01-01","8.00","Work entry 301"
1103,2,2550,"2024-01-01","8.00","Work entry 302"
1104,3,2551,"2024-01-01","8.00","Work entry 303"
1105,4,2552,"2024-01-01","8.00","Work entry 304"
1106,5,2553,"2024-01-01","8.00","Work entry 305"
1107,6,2554,"2024-01-01","8.00","Work entry 306"
1108,7,2555,"2024-01-01","8.00","Work entry 307"
1109,8,2556,"2024-01-01","8.00","Work entry 308"
1110,9,2557,"2024-01-01","8.00","Work entry 309"
1111,10,2558,"2024-01-01","8.00","Work entry 310"
1112,1,2559,"2024-01-01","8.00","Work entry 311"
1113,2,2560,"2024-01-01","8.00","Work entry 312"
1114,3,2561,"2024-01-01","8.00","Work entry 313"
1115,4,2562,"2024-01-01","8.00","Work entry 314"
1116,5,2563,"2024-01-01","8.00","Work entry 315"
1117,6,2564,"2024-01-01","8.00","Work entry 316"
1118,7,2565,"2024-01-01","8.00","Work entry 317"
1119,8,2566,"2024-01-01","8.00","Work entry 318"
1120,9,2567,"2024-01-01","8.00","Work entry 319"
1121,10,2568,"2024-01-01","8.00","Work entry 320"
1122,1,2569,"2024-01-01","8.00","Work entry 321"
1123,2,2570,"2024-01-01","8.00","Work entry 322"
1124,3,2571,"2024-01-01","8.00","Work entry 323"
1125,4,2572,"2024-01-01","8.00","Work entry 324"
1126,5,2573,"2024-01-01","8.00","Work entry 325"
1127,6,2574,"2024-01-01","8.00","Work entry 326"
1128,7,2575,"2024-01-01","8.00","Work entry 327"
1129,8,2576,"2024-01-01","8.00","Work entry 328"
1130,9,2577,"2024-01-01","8.00","Work entry 329"
1131,10,2578,"2024-01-01","8.00","Work entry 330"
1132,1,2579,"2024-01-01","8.00","Work entry 331"
1133,2,2580,"2024-01-01","8.00","Work entry 332"
1134,3,2581,"2024-01-01","8.00","Work entry 333"
1135,4,2582,"2024-01-01","8.00","Work entry 334"
1136,5,2583,"2024-01-01","8.00","Work entry 335"
1137,6,2584,"2024-01-01","8.00","Work entry 336"
1138,7,2585,"2024-01-01","8.00","Work entry 337"
1139,8,2586,"2024-01-01","8.00","Work entry 338"
1140,9,2587,"2024-01-01","8.00","Work entry 339"
1141,10,2588,"2024-01-01","8.00","Work entry 340"
1142,1,2589,"2024-01-01","8.00","Work entry 341"
1143,2,2590,"2024-01-01","8.00","Work entry 342"
1144,3,2591,"2024-01-01","8.00","Work entry 343"
1145,4,2592,"2024-01-01","8.00","Work entry 344"
1146,5,2593,"2024-01-01","8.00","Work entry 345"
1147,6,2594,"2024-01-01","8.00","Work entry 346"
1148,7,2595,"2024-01-01","8.00","Work entry 347"
1149,8,2596,"2024-01-01","8.00","Work entry 348"
1150,9,2597,"2024-01-01","8.00","Work entry 349"
1151,10,2598,"2024-01-01","8.00","Work entry 350"
1152,1,2599,"2024-01-01","8.00","Work entry 351"
1153,2,2600,"2024-01-01","8.00","Work entry 352"
1154,3,2601,"2024-01-01","8.00","Work entry 353"
1155,4,2602,"2024-01-01","8.00","Work entry 354"
1156,5,2603,"2024-01-01","8.00","Work entry 355"
1157,6,2604,"2024-01-01","8.00","Work entry 356"
1158,7,2605,"2024-01-01","8.00","Work entry 357"
1159,8,2606,"2024-01-01","8.00","Work entry 358"
1160,9,2607,"2024-01-01","8.00","Work entry 359"
1161,10,2608,"2024-01-01","8.00","Work entry 360"
1162,1,2609,"2024-01-01","8.00","Work entry 361"
1163,2,2610,"2024-01-01","8.00","Work entry 362"
1164,3,2611,"2024-01-01","8.00","Work entry 363"
1165,4,2612,"2024-01-01","8.00","Work entry 364"
1166,5,2613,"2024-01-01","8.00","Work entry 365"
1167,6,2614,"2024-01-01","8.00","Work entry 366"
1168,7,2615,"2024-01-01","8.00","Work entry 367"
1169,8,2616,"2024-01-01","8.00","Work entry 368"
1170,9,2617,"2024-01-01","8.00","Work entry 369"
1171,10,2618,"2024-01-01","8.00","Work entry 370"
1172,1,2619,"2024-01-01","8.00","Work entry 371"
1173,2,2620,"2024-01-01","8.00","Work entry 372"
1174,3,2621,"2024-01-01","8.00","Work entry 373"
1175,4,2622,"2024-01-01","8.00","Work entry 374"
1176,5,2623,"2024-01-01","8.00","Work entry 375"
1177,6,2624,"2024-01-01","8.00","Work entry 376"
1178,7,2625,"2024-01-01","8.00","Work entry 377"
1179,8,2626,"2024-01-01","8.00","Work entry 378"
1180,9,2627,"2024-01-01","8.00","Work entry 379"
1181,10,2628,"2024-01-01","8.00","Work entry 380"
1182,1,2629,"2024-01-01","8.00","Work entry 381"
1183,2,2630,"2024-01-01","8.00","Work entry 382"
1184,3,2631,"2024-01-01","8.00","Work entry 383"
1185,4,2632,"2024-01-01","8.00","Work entry 384"
1186,5,2633,"2024-01-01","8.00","Work entry 385"
1187,6,2634,"2024-01-01","8.00","Work entry 386"
1188,7,2635,"2024-01-01","8.00","Work entry 387"
1189,8,2636,"2024-01-01","8.00","Work entry 388"
1190,9,2637,"2024-01-01","8.00","Work entry 389"
1191,10,2638,"2024-01-01","8.00","Work entry 390"
1192,1,2639,"2024-01-01","8.00","Work entry 391"
1193,2,2640,"2024-01-01","8.00","Work entry 392"
1194,3,2641,"2024-01-01","8.00","Work entry 393"
1195,4,2642,"2024-01-01","8.00","Work entry 394"
1196,5,2643,"2024-01-01","8.00","Work entry 395"
1197,6,2644,"2024-01-01","8.00","Work entry 396"
1198,7,2645,"2024-01-01","8.00","Work entry 397"
1199,8,2646,"2024-01-01","8.00","Work entry 398"
1200,9,2647,"2024-01-01","8.00","Work entry 399"
1201,10,2648,"2024-01-01","8.00","Work entry 400"
1202,1,2649,"2024-01-01","8.00","Work entry 401"
1203,2,2650,"2024-01-01","8.00","Work entry 402"
1204,3,2651,"2024-01-01","8.00","Work entry 403"
1205,4,2652,"2024-01-01","8.00","Work entry 404"
1206,5,2653,"2024-01-01","8.00","Work entry 405"
1207,6,2654,"2024-01-01","8.00","Work entry 406"
1208,7,2655,"2024-01-01","8.00","Work entry 407"
1209,8,2656,"2024-01-01","8.00","Work entry 408"
1210,9,2657,"2024-01-01","8.00","Work entry 409"
1211,10,2658,"2024-01-01","8.00","Work entry 410"
1212,1,2659,"2024-01-01","8.00","Work entry 411"
1213,2,2660,"2024-01-01","8.00","Work entry 412"
1214,3,2661,"2024-01-01","8.00","Work entry 413"
1215,4,2662,"2024-01-01","8.00","Work entry 414"
1216,5,2663,"2024-01-01","8.00","Work entry 415"
1217,6,2664,"2024-01-01","8.00","Work entry 416"
1218,7,2665,"2024-01-01","8.00","Work entry 417"
1219,8,2666,"2024-01-01","8.00","Work entry 418"
1220,9,2667,"2024-01-01","8.00","Work entry 419"
1221,10,2668,"2024-01-01","8.00","Work entry 420"
1222,1,2669,"2024-01-01","8.00","Work entry 421"
1223,2,2670,"2024-01-01","8.00","Work entry 422"
1224,3,2671,"2024-01-01","8.00","Work entry 423"
1225,4,2672,"2024-01-01","8.00","Work entry 424"
1226,5,2673,"2024-01-01","8.00","Work entry 425"
1227,6,2674,"2024-01-01","8.00","Work entry 426"
1228,7,2675,"2024-01-01","8.00","Work entry 427"
1229,8,2676,"2024-01-01","8.00","Work entry 428"
1230,9,2677,"2024-01-01","8.00","Work entry 429"
1231,10,2678,"2024-01-01","8.00","Work entry 430"
1232,1,2679,"2024-01-01","8.00","Work entry 431"
1233,2,2680,"2024-01-01","8.00","Work entry 432"
1234,3,2681,"2024-01-01","8.00","Work entry 433"
1235,4,2682,"2024-01-01","8.00","Work entry 434"
1236,5,2683,"2024-01-01","8.00","Work entry 435"
1237,6,2684,"2024-01-01","8.00","Work entry 436"
1238,7,2685,"2024-01-01","8.00","Work entry 437"
1239,8,2686,"2024-01-01","8.00","Work entry 438"
1240,9,2687,"2024-01-01","8.00","Work entry 439"
1241,10,2688,"2024-01-01","8.00","Work entry 440"
1242,1,2689,"2024-01-01","8.00","Work entry 441"
1243,2,2690,"2024-01-01","8.00","Work entry 442"
1244,3,2691,"2024-01-01","8.00","Work entry 443"
1245,4,2692,"2024-01-01","8.00","Work entry 444"
1246,5,2693,"2024-01-01","8.00","Work entry 445"
1247,6,2694,"2024-01-01","8.00","Work entry 446"
1248,7,2695,"2024-01-01","8.00","Work entry 447"
1249,8,2696,"2024-01-01","8.00","Work entry 448"
1250,9,2697,"2024-01-01","8.00","Work entry 449"
1251,10,2698,"2024-01-01","8.00","Work entry 450"
1252,1,2699,"2024-01-01","8.00","Work entry 451"
1253,2,2700,"2024-01-01","8.00","Work entry 452"
1254,3,2701,"2024-01-01","8.00","Work entry 453"
1255,4,2702,"2024-01-01","8.00","Work entry 454"
1256,5,2703,"2024-01-01","8.00","Work entry 455"
1257,6,2704,"2024-01-01","8.00","Work entry 456"
1258,7,2705,"2024-01-01","8.00","Work entry 457"
1259,8,2706,"2024-01-01","8.00","Work entry 458"
1260,9,2707,"2024-01-01","8.00","Work entry 459"
1261,10,2708,"2024-01-01","8.00","Work entry 460"
1262,1,2709,"2024-01-01","8.00","Work entry 461"
1263,2,2710,"2024-01-01","8.00","Work entry 462"
1264,3,2711,"2024-01-01","8.00","Work entry 463"
1265,4,2712,"2024-01-01","8.00","Work entry 464"
1266,5,2713,"2024-01-01","8.00","Work entry 465"
1267,6,2714,"2024-01-01","8.00","Work entry 466"
1268,7,2715,"2024-01-01","8.00","Work entry 467"
1269,8,2716,"2024-01-01","8.00","Work entry 468"
1270,9,2717,"2024-01-01","8.00","Work entry 469"
1271,10,2718,"2024-01-01","8.00","Work entry 470"
1272,1,2719,"2024-01-01","8.00","Work entry 471"
1273,2,2720,"2024-01-01","8.00","Work entry 472"
1274,3,2721,"2024-01-01","8.00","Work entry 473"
1275,4,2722,"2024-01-01","8.00","Work entry 474"
1276,5,2723,"2024-01-01","8.00","Work entry 475"
1277,6,2724,"2024-01-01","8.00","Work entry 476"
1278,7,2725,"2024-01-01","8.00","Work entry 477"
1279,8,2726,"2024-01-01","8.00","Work entry 478"
1280,9,2727,"2024-01-01","8.00","Work entry 479"
1281,10,2728,"2024-01-01","8.00","Work entry 480"
1282,1,2729,"2024-01-01","8.00","Work entry 481"
1283,2,2730,"2024-01-01","8.00","Work entry 482"
1284,3,2731,"2024-01-01","8.00","Work entry 483"
1285,4,2732,"2024-01-01","8.00","Work entry 484"
1286,5,2733,"2024-01-01","8.00","Work entry 485"
1287,6,2734,"2024-01-01","8.00","Work entry 486"
1288,7,2735,"2024-01-01","8.00","Work entry 487"
1289,8,2736,"2024-01-01","8.00","Work entry 488"
1290,9,2737,"2024-01-01","8.00","Work entry 489"
1291,10,2738,"2024-01-01","8.00","Work entry 490"
1292,1,2739,"2024-01-01","8.00","Work entry 491"
1293,2,2740,"2024-01-01","8.00","Work entry 492"
1294,3,2741,"2024-01-01","8.00","Work entry 493"
1295,4,2742,"2024-01-01","8.00","Work entry 494"
1296,5,2743,"2024-01-01","8.00","Work entry 495"
1297,6,2744,"2024-01-01","8.00","Work entry 496"
1298,7,2745,"2024-01-01","8.00","Work entry 497"
1299,8,2746,"2024-01-01","8.00","Work entry 498"
1300,9,2747,"2024-01-01","8.00","Work entry 499"
1301,10,2748,"2024-01-01","8.00","Work entry 500"
1302,1,2749,"2024-01-01","8.00","Work entry 501"
1303,2,2750,"2024-01-01","8.00","Work entry 502"
1304,3,2751,"2024-01-01","8.00","Work entry 503"
1305,4,2752,"2024-01-01","8.00","Work entry 504"
1306,5,2753,"2024-01-01","8.00","Work entry 505"
1307,6,2754,"2024-01-01","8.00","Work entry 506"
1308,7,2755,"2024-01-01","8.00","Work entry 507"
1309,8,2756,"2024-01-01","8.00","Work entry 508"
1310,9,2757,"2024-01-01","8.00","Work entry 509"
1311,10,2758,"2024-01-01","8.00","Work entry 510"
1312,1,2759,"2024-01-01","8.00","Work entry 511"
1313,2,2760,"2024-01-01","8.00","Work entry 512"
1314,3,2761,"2024-01-01","8.00","Work entry 513"
1315,4,2762,"2024-01-01","8.00","Work entry 514"
1316,5,2763,"2024-01-01","8.00","Work entry 515"
1317,6,2764,"2024-01-01","8.00","Work entry 516"
1318,7,2765,"2024-01-01","8.00","Work entry 517"
1319,8,2766,"2024-01-01","8.00","Work entry 518"
1320,9,2767,"2024-01-01","8.00","Work entry 519"
1321,10,2768,"2024-01-01","8.00","Work entry 520"
1322,1,2769,"2024-01-01","8.00","Work entry 521"
1323,2,2770,"2024-01-01","8.00","Work entry 522"
1324,3,2771,"2024-01-01","8.00","Work entry 523"
1325,4,2772,"2024-01-01","8.00","Work entry 524"
1326,5,2773,"2024-01-01","8.00","Work entry 525"
1327,6,2774,"2024-01-01","8.00","Work entry 526"
1328,7,2775,"2024-01-01","8.00","Work entry 527"
1329,8,2776,"2024-01-01","8.00","Work entry 528"
1330,9,2777,"2024-01-01","8.00","Work entry 529"
1331,10,2778,"2024-01-01","8.00","Work entry 530"
1332,1,2779,"2024-01-01","8.00","Work entry 531"
1333,2,2780,"2024-01-01","8.00","Work entry 532"
1334,3,2781,"2024-01-01","8.00","Work entry 533"
1335,4,2782,"2024-01-01","8.00","Work entry 534"
1336,5,2783,"2024-01-01","8.00","Work entry 535"
1337,6,2784,"2024-01-01","8.00","Work entry 536"
1338,7,2785,"2024-01-01","8.00","Work entry 537"
1339,8,2786,"2024-01-01","8.00","Work entry 538"
1340,9,2787,"2024-01-01","8.00","Work entry 539"
1341,10,2788,"2024-01-01","8.00","Work entry 540"
1342,1,2789,"2024-01-01","8.00","Work entry 541"
1343,2,2790,"2024-01-01","8.00","Work entry 542"
1344,3,2791,"2024-01-01","8.00","Work entry 543"
1345,4,2792,"2024-01-01","8.00","Work entry 544"
1346,5,2793,"2024-01-01","8.00","Work entry 545"
1347,6,2794,"2024-01-01","8.00","Work entry 546"
1348,7,2795,"2024-01-01","8.00","Work entry 547"
1349,8,2796,"2024-01-01","8.00","Work entry 548"
1350,9,2797,"2024-01-01","8.00","Work entry 549"
1351,10,2798,"2024-01-01","8.00","Work entry 550"
1352,1,2799,"2024-01-01","8.00","Work entry 551"
1353,2,2800,"2024-01-01","8.00","Work entry 552"
1354,3,2801,"2024-01-01","8.00","Work entry 553"
1355,4,2802,"2024-01-01","8.00","Work entry 554"
1356,5,2803,"2024-01-01","8.00","Work entry 555"
1357,6,2804,"2024-01-01","8.00","Work entry 556"
1358,7,2805,"2024-01-01","8.00","Work entry 557"
1359,8,2806,"2024-01-01","8.00","Work entry 558"
1360,9,2807,"2024-01-01","8.00","Work entry 559"
1361,10,2808,"2024-01-01","8.00","Work entry 560"
1362,1,2809,"2024-01-01","8.00","Work entry 561"
1363,2,2810,"2024-01-01","8.00","Work entry 562"
1364,3,2811,"2024-01-01","8.00","Work entry 563"
1365,4,2812,"2024-01-01","8.00","Work entry 564"
1366,5,2813,"2024-01-01","8.00","Work entry 565"
1367,6,2814,"2024-01-01","8.00","Work entry 566"
1368,7,2815,"2024-01-01","8.00","Work entry 567"
1369,8,2816,"2024-01-01","8.00","Work entry 568"
1370,9,2817,"2024-01-01","8.00","Work entry 569"
1371,10,2818,"2024-01-01","8.00","Work entry 570"
1372,1,2819,"2024-01-01","8.00","Work entry 571"
1373,2,2820,"2024-01-01","8.00","Work entry 572"
1374,3,2821,"2024-01-01","8.00","Work entry 573"
1375,4,2822,"2024-01-01","8.00","Work entry 574"
1376,5,2823,"2024-01-01","8.00","Work entry 575"
1377,6,2824,"2024-01-01","8.00","Work entry 576"
1378,7,2825,"2024-01-01","8.00","Work entry 577"
1379,8,2826,"2024-01-01","8.00","Work entry 578"
1380,9,2827,"2024-01-01","8.00","Work entry 579"
1381,10,2828,"2024-01-01","8.00","Work entry 580"
1382,1,2829,"2024-01-01","8.00","Work entry 581"
1383,2,2830,"2024-01-01","8.00","Work entry 582"
1384,3,2831,"2024-01-01","8.00","Work entry 583"
1385,4,2832,"2024-01-01","8.00","Work entry 584"
1386,5,2833,"2024-01-01","8.00","Work entry 585"
1387,6,2834,"2024-01-01","8.00","Work entry 586"
1388,7,2835,"2024-01-01","8.00","Work entry 587"
1389,8,2836,"2024-01-01","8.00","Work entry 588"
1390,9,2837,"2024-01-01","8.00","Work entry 589"
1391,10,2838,"2024-01-01","8.00","Work entry 590"
1392,1,2839,"2024-01-01","8.00","Work entry 591"
1393,2,2840,"2024-01-01","8.00","Work entry 592"
1394,3,2841,"2024-01-01","8.00","Work entry 593"
1395,4,2842,"2024-01-01","8.00","Work entry 594"
1396,5,2843,"2024-01-01","8.00","Work entry 595"
1397,6,2844,"2024-01-01","8.00","Work entry 596"
1398,7,2845,"2024-01-01","8.00","Work entry 597"
1399,8,2846,"2024-01-01","8.00","Work entry 598"
1400,9,2847,"2024-01-01","8.00","Work entry 599"
1401,10,2848,"2024-01-01","8.00","Work entry 600"
1402,1,2849,"2024-01-01","8.00","Work entry 601"
1403,2,2850,"2024-01-01","8.00","Work entry 602"
1404,3,2851,"2024-01-01","8.00","Work entry 603"
1405,4,2852,"2024-01-01","8.00","Work entry 604"
1406,5,2853,"2024-01-01","8.00","Work entry 605"
1407,6,2854,"2024-01-01","8.00","Work entry 606"
1408,7,2855,"2024-01-01","8.00","Work entry 607"
1409,8,2856,"2024-01-01","8.00","Work entry 608"
1410,9,2857,"2024-01-01","8.00","Work entry 609"
1411,10,2858,"2024-01-01","8.00","Work entry 610"
1412,1,2859,"2024-01-01","8.00","Work entry 611"
1413,2,2860,"2024-01-01","8.00","Work entry 612"
1414,3,2861,"2024-01-01","8.00","Work entry 613"
1415,4,2862,"2024-01-01","8.00","Work entry 614"
1416,5,2863,"2024-01-01","8.00","Work entry 615"
1417,6,2864,"2024-01-01","8.00","Work entry 616"
1418,7,2865,"2024-01-01","8.00","Work entry 617"
1419,8,2866,"2024-01-01","8.00","Work entry 618"
1420,9,2867,"2024-01-01","8.00","Work entry 619"
1421,10,2868,"2024-01-01","8.00","Work entry 620"
1422,1,2869,"2024-01-01","8.00","Work entry 621"
1423,2,2870,"2024-01-01","8.00","Work entry 622"
1424,3,2871,"2024-01-01","8.00","Work entry 623"
1425,4,2872,"2024-01-01","8.00","Work entry 624"
1426,5,2873,"2024-01-01","8.00","Work entry 625"
1427,6,2874,"2024-01-01","8.00","Work entry 626"
1428,7,2875,"2024-01-01","8.00","Work entry 627"
1429,8,2876,"2024-01-01","8.00","Work entry 628"
1430,9,2877,"2024-01-01","8.00","Work entry 629"
1431,10,2878,"2024-01-01","8.00","Work entry 630"
1432,1,2879,"2024-01-01","8.00","Work entry 631"
1433,2,2880,"2024-01-01","8.00","Work entry 632"
1434,3,2881,"2024-01-01","8.00","Work entry 633"
1435,4,2882,"2024-01-01","8.00","Work entry 634"
1436,5,2883,"2024-01-01","8.00","Work entry 635"
1437,6,2884,"2024-01-01","8.00","Work entry 636"
1438,7,2885,"2024-01-01","8.00","Work entry 637"
1439,8,2886,"2024-01-01","8.00","Work entry 638"
1440,9,2887,"2024-01-01","8.00","Work entry 639"
1441,10,2888,"2024-01-01","8.00","Work entry 640"
1442,1,2889,"2024-01-01","8.00","Work entry 641"
1443,2,2890,"2024-01-01","8.00","Work entry 642"
1444,3,2891,"2024-01-01","8.00","Work entry 643"
1445,4,2892,"2024-01-01","8.00","Work entry 644"
1446,5,2893,"2024-01-01","8.00","Work entry 645"
1447,6,2894,"2024-01-01","8.00","Work entry 646"
1448,7,2895,"2024-01-01","8.00","Work entry 647"
1449,8,2896,"2024-01-01","8.00","Work entry 648"
1450,9,2897,"2024-01-01","8.00","Work entry 649"
1451,10,2898,"2024-01-01","8.00","Work entry 650"
1452,1,2899,"2024-01-01","8.00","Work entry 651"
1453,2,2900,"2024-01-01","8.00","Work entry 652"
1454,3,2901,"2024-01-01","8.00","Work entry 653"
1455,4,2902,"2024-01-01","8.00","Work entry 654"
1456,5,2903,"2024-01-01","8.00","Work entry 655"
1457,6,2904,"2024-01-01","8.00","Work entry 656"
1458,7,2905,"2024-01-01","8.00","Work entry 657"
1459,8,2906,"2024-01-01","8.00","Work entry 658"
1460,9,2907,"2024-01-01","8.00","Work entry 659"
1461,10,2908,"2024-01-01","8.00","Work entry 660"
1462,1,2909,"2024-01-01","8.00","Work entry 661"
1463,2,2910,"2024-01-01","8.00","Work entry 662"
1464,3,2911,"2024-01-01","8.00","Work entry 663"
1465,4,2912,"2024-01-01","8.00","Work entry 664"
1466,5,2913,"2024-01-01","8.00","Work entry 665"
1467,6,2914,"2024-01-01","8.00","Work entry 666"
1468,7,2915,"2024-01-01","8.00","Work entry 667"
1469,8,2916,"2024-01-01","8.00","Work entry 668"
1470,9,2917,"2024-01-01","8.00","Work entry 669"
1471,10,2918,"2024-01-01","8.00","Work entry 670"
1472,1,2919,"2024-01-01","8.00","Work entry 671"
1473,2,2920,"2024-01-01","8.00","Work entry 672"
1474,3,2921,"2024-01-01","8.00","Work entry 673"
1475,4,2922,"2024-01-01","8.00","Work entry 674"
1476,5,2923,"2024-01-01","8.00","Work entry 675"
1477,6,2924,"2024-01-01","8.00","Work entry 676"
1478,7,2925,"2024-01-01","8.00","Work entry 677"
1479,8,2926,"2024-01-01","8.00","Work entry 678"
1480,9,2927,"2024-01-01","8.00","Work entry 679"
1481,10,2928,"2024-01-01","8.00","Work entry 680"
1482,1,2929,"2024-01-01","8.00","Work entry 681"
1483,2,2930,"2024-01-01","8.00","Work entry 682"
1484,3,2931,"2024-01-01","8.00","Work entry 683"
1485,4,2932,"2024-01-01","8.00","Work entry 684"
1486,5,2933,"2024-01-01","8.00","Work entry 685"
1487,6,2934,"2024-01-01","8.00","Work entry 686"
1488,7,2935,"2024-01-01","8.00","Work entry 687"
1489,8,2936,"2024-01-01","8.00","Work entry 688"
1490,9,2937,"2024-01-01","8.00","Work entry 689"
1491,10,2938,"2024-01-01","8.00","Work entry 690"
1492,1,2939,"2024-01-01","8.00","Work entry 691"
1493,2,2940,"2024-01-01","8.00","Work entry 692"
1494,3,2941,"2024-01-01","8.00","Work entry 693"
1495,4,2942,"2024-01-01","8.00","Work entry 694"
1496,5,2943,"2024-01-01","8.00","Work entry 695"
1497,6,2944,"2024-01-01","8.00","Work entry 696"
1498,7,2945,"2024-01-01","8.00","Work entry 697"
1499,8,2946,"2024-01-01","8.00","Work entry 698"
1500,9,2947,"2024-01-01","8.00","Work entry 699"
1501,10,2948,"2024-01-01","8.00","Work entry 700"
1502,1,2949,"2024-01-01","8.00","Work entry 701"
1503,2,2950,"2024-01-01","8.00","Work entry 702"
1504,3,2951,"2024-01-01","8.00","Work entry 703"
1505,4,2952,"2024-01-01","8.00","Work entry 704"
1506,5,2953,"2024-01-01","8.00","Work entry 705"
1507,6,2954,"2024-01-01","8.00","Work entry 706"
1508,7,2955,"2024-01-01","8.00","Work entry 707"
1509,8,2956,"2024-01-01","8.00","Work entry 708"
1510,9,2957,"2024-01-01","8.00","Work entry 709"
1511,10,2958,"2024-01-01","8.00","Work entry 710"
1512,1,2959,"2024-01-01","8.00","Work entry 711"
1513,2,2960,"2024-01-01","8.00","Work entry 712"
1514,3,2961,"2024-01-01","8.00","Work entry 713"
1515,4,2962,"2024-01-01","8.00","Work entry 714"
1516,5,2963,"2024-01-01","8.00","Work entry 715"
1517,6,2964,"2024-01-01","8.00","Work entry 716"
1518,7,2965,"2024-01-01","8.00","Work entry 717"
1519,8,2966,"2024-01-01","8.00","Work entry 718"
1520,9,2967,"2024-01-01","8.00","Work entry 719"
1521,10,2968,"2024-01-01","8.00","Work entry 720"
1522,1,2969,"2024-01-01","8.00","Work entry 721"
1523,2,2970,"2024-01-01","8.00","Work entry 722"
1524,3,2971,"2024-01-01","8.00","Work entry 723"
1525,4,2972,"2024-01-01","8.00","Work entry 724"
1526,5,2973,"2024-01-01","8.00","Work entry 725"
1527,6,2974,"2024-01-01","8.00","Work entry 726"
1528,7,2975,"2024-01-01","8.00","Work entry 727"
1529,8,2976,"2024-01-01","8.00","Work entry 728"
1530,9,2977,"2024-01-01","8.00","Work entry 729"
1531,10,2978,"2024-01-01","8.00","Work entry 730"
1532,1,2979,"2024-01-01","8.00","Work entry 731"
1533,2,2980,"2024-01-01","8.00","Work entry 732"
1534,3,2981,"2024-01-01","8.00","Work entry 733"
1535,4,2982,"2024-01-01","8.00","Work entry 734"
1536,5,2983,"2024-01-01","8.00","Work entry 735"
1537,6,2984,"2024-01-01","8.00","Work entry 736"
1538,7,2985,"2024-01-01","8.00","Work entry 737"
1539,8,2986,"2024-01-01","8.00","Work entry 738"
1540,9,2987,"2024-01-01","8.00","Work entry 739"
1541,10,2988,"2024-01-01","8.00","Work entry 740"
1542,1,2989,"2024-01-01","8.00","Work entry 741"
1543,2,2990,"2024-01-01","8.00","Work entry 742"
1544,3,2991,"2024-01-01","8.00","Work entry 743"
1545,4,2992,"2024-01-01","8.00","Work entry 744"
1546,5,2993,"2024-01-01","8.00","Work entry 745"
1547,6,2994,"2024-01-01","8.00","Work entry 746"
1548,7,2995,"2024-01-01","8.00","Work entry 747"
1549,8,2996,"2024-01-01","8.00","Work entry 748"
1550,9,2997,"2024-01-01","8.00","Work entry 749"
1551,10,2998,"2024-01-01","8.00","Work entry 750"
1552,1,2999,"2024-01-01","8.00","Work entry 751"
1553,2,3000,"2024-01-01","8.00","Work entry 752"
1554,3,3001,"2024-01-01","8.00","Work entry 753"
1555,4,3002,"2024-01-01","8.00","Work entry 754"
1556,5,3003,"2024-01-01","8.00","Work entry 755"
1557,6,3004,"2024-01-01","8.00","Work entry 756"
1558,7,3005,"2024-01-01","8.00","Work entry 757"
1559,8,3006,"2024-01-01","8.00","Work entry 758"
1560,9,3007,"2024-01-01","8.00","Work entry 759"
1561,10,3008,"2024-01-01","8.00","Work entry 760"
1562,1,3009,"2024-01-01","8.00","Work entry 761"
1563,2,3010,"2024-01-01","8.00","Work entry 762"
1564,3,3011,"2024-01-01","8.00","Work entry 763"
1565,4,3012,"2024-01-01","8.00","Work entry 764"
1566,5,3013,"2024-01-01","8.00","Work entry 765"
1567,6,3014,"2024-01-01","8.00","Work entry 766"
1568,7,3015,"2024-01-01","8.00","Work entry 767"
1569,8,3016,"2024-01-01","8.00","Work entry 768"
1570,9,3017,"2024-01-01","8.00","Work entry 769"
1571,10,3018,"2024-01-01","8.00","Work entry 770"
1572,1,3019,"2024-01-01","8.00","Work entry 771"
1573,2,3020,"2024-01-01","8.00","Work entry 772"
1574,3,3021,"2024-01-01","8.00","Work entry 773"
1575,4,3022,"2024-01-01","8.00","Work entry 774"
1576,5,3023,"2024-01-01","8.00","Work entry 775"
1577,6,3024,"2024-01-01","8.00","Work entry 776"
1578,7,3025,"2024-01-01","8.00","Work entry 777"
1579,8,3026,"2024-01-01","8.00","Work entry 778"
1580,9,3027,"2024-01-01","8.00","Work entry 779"
1581,10,3028,"2024-01-01","8.00","Work entry 780"
1582,1,3029,"2024-01-01","8.00","Work entry 781"
1583,2,3030,"2024-01-01","8.00","Work entry 782"
1584,3,3031,"2024-01-01","8.00","Work entry 783"
1585,4,3032,"2024-01-01","8.00","Work entry 784"
1586,5,3033,"2024-01-01","8.00","Work entry 785"
1587,6,3034,"2024-01-01","8.00","Work entry 786"
1588,7,3035,"2024-01-01","8.00","Work entry 787"
1589,8,3036,"2024-01-01","8.00","Work entry 788"
1590,9,3037,"2024-01-01","8.00","Work entry 789"
1591,10,3038,"2024-01-01","8.00","Work entry 790"
1592,1,3039,"2024-01-01","8.00","Work entry 791"
1593,2,3040,"2024-01-01","8.00","Work entry 792"
1594,3,3041,"2024-01-01","8.00","Work entry 793"
1595,4,3042,"2024-01-01","8.00","Work entry 794"
1596,5,3043,"2024-01-01","8.00","Work entry 795"
1597,6,3044,"2024-01-01","8.00","Work entry 796"
1598,7,3045,"2024-01-01","8.00","Work entry 797"
1599,8,3046,"2024-01-01","8.00","Work entry 798"
1600,9,3047,"2024-01-01","8.00","Work entry 799"
1601,10,3048,"2024-01-01","8.00","Work entry 800"
1602,1,3049,"2024-01-01","8.00","Work entry 801"
1603,2,3050,"2024-01-01","8.00","Work entry 802"
1604,3,3051,"2024-01-01","8.00","Work entry 803"
1605,4,3052,"2024-01-01","8.00","Work entry 804"
1606,5,3053,"2024-01-01","8.00","Work entry 805"
1607,6,3054,"2024-01-01","8.00","Work entry 806"
1608,7,3055,"2024-01-01","8.00","Work entry 807"
1609,8,3056,"2024-01-01","8.00","Work entry 808"
1610,9,3057,"2024-01-01","8.00","Work entry 809"
1611,10,3058,"2024-01-01","8.00","Work entry 810"
1612,1,3059,"2024-01-01","8.00","Work entry 811"
1613,2,3060,"2024-01-01","8.00","Work entry 812"
1614,3,3061,"2024-01-01","8.00","Work entry 813"
1615,4,3062,"2024-01-01","8.00","Work entry 814"
1616,5,3063,"2024-01-01","8.00","Work entry 815"
1617,6,3064,"2024-01-01","8.00","Work entry 816"
1618,7,3065,"2024-01-01","8.00","Work entry 817"
1619,8,3066,"2024-01-01","8.00","Work entry 818"
1620,9,3067,"2024-01-01","8.00","Work entry 819"
1621,10,3068,"2024-01-01","8.00","Work entry 820"
1622,1,3069,"2024-01-01","8.00","Work entry 821"
1623,2,3070,"2024-01-01","8.00","Work entry 822"
1624,3,3071,"2024-01-01","8.00","Work entry 823"
1625,4,3072,"2024-01-01","8.00","Work entry 824"
1626,5,3073,"2024-01-01","8.00","Work entry 825"
1627,6,3074,"2024-01-01","8.00","Work entry 826"
1628,7,3075,"2024-01-01","8.00","Work entry 827"
1629,8,3076,"2024-01-01","8.00","Work entry 828"
1630,9,3077,"2024-01-01","8.00","Work entry 829"
1631,10,3078,"2024-01-01","8.00","Work entry 830"
1632,1,3079,"2024-01-01","8.00","Work entry 831"
1633,2,3080,"2024-01-01","8.00","Work entry 832"
1634,3,3081,"2024-01-01","8.00","Work entry 833"
1635,4,3082,"2024-01-01","8.00","Work entry 834"
1636,5,3083,"2024-01-01","8.00","Work entry 835"
1637,6,3084,"2024-01-01","8.00","Work entry 836"
1638,7,3085,"2024-01-01","8.00","Work entry 837"
1639,8,3086,"2024-01-01","8.00","Work entry 838"
1640,9,3087,"2024-01-01","8.00","Work entry 839"
1641,10,3088,"2024-01-01","8.00","Work entry 840"
1642,1,3089,"2024-01-01","8.00","Work entry 841"
1643,2,3090,"2024-01-01","8.00","Work entry 842"
1644,3,3091,"2024-01-01","8.00","Work entry 843"
1645,4,3092,"2024-01-01","8.00","Work entry 844"
1646,5,3093,"2024-01-01","8.00","Work entry 845"
1647,6,3094,"2024-01-01","8.00","Work entry 846"
1648,7,3095,"2024-01-01","8.00","Work entry 847"
1649,8,3096,"2024-01-01","8.00","Work entry 848"
1650,9,3097,"2024-01-01","8.00","Work entry 849"
1651,10,3098,"2024-01-01","8.00","Work entry 850"
1652,1,3099,"2024-01-01","8.00","Work entry 851"
1653,2,3100,"2024-01-01","8.00","Work entry 852"
1654,3,3101,"2024-01-01","8.00","Work entry 853"
1655,4,3102,"2024-01-01","8.00","Work entry 854"
1656,5,3103,"2024-01-01","8.00","Work entry 855"
1657,6,3104,"2024-01-01","8.00","Work entry 856"
1658,7,3105,"2024-01-01","8.00","Work entry 857"
1659,8,3106,"2024-01-01","8.00","Work entry 858"
1660,9,3107,"2024-01-01","8.00","Work entry 859"
1661,10,3108,"2024-01-01","8.00","Work entry 860"
1662,1,3109,"2024-01-01","8.00","Work entry 861"
1663,2,3110,"2024-01-01","8.00","Work entry 862"
1664,3,3111,"2024-01-01","8.00","Work entry 863"
1665,4,3112,"2024-01-01","8.00","Work entry 864"
1666,5,3113,"2024-01-01","8.00","Work entry 865"
1667,6,3114,"2024-01-01","8.00","Work entry 866"
1668,7,3115,"2024-01-01","8.00","Work entry 867"
1669,8,3116,"2024-01-01","8.00","Work entry 868"
1670,9,3117,"2024-01-01","8.00","Work entry 869"
1671,10,3118,"2024-01-01","8.00","Work entry 870"
1672,1,3119,"2024-01-01","8.00","Work entry 871"
1673,2,3120,"2024-01-01","8.00","Work entry 872"
1674,3,3121,"2024-01-01","8.00","Work entry 873"
1675,4,3122,"2024-01-01","8.00","Work entry 874"
1676,5,3123,"2024-01-01","8.00","Work entry 875"
1677,6,3124,"2024-01-01","8.00","Work entry 876"
1678,7,3125,"2024-01-01","8.00","Work entry 877"
1679,8,3126,"2024-01-01","8.00","Work entry 878"
1680,9,3127,"2024-01-01","8.00","Work entry 879"
1681,10,3128,"2024-01-01","8.00","Work entry 880"
1682,1,3129,"2024-01-01","8.00","Work entry 881"
1683,2,3130,"2024-01-01","8.00","Work entry 882"
1684,3,3131,"2024-01-01","8.00","Work entry 883"
1685,4,3132,"2024-01-01","8.00","Work entry 884"
1686,5,3133,"2024-01-01","8.00","Work entry 885"
1687,6,3134,"2024-01-01","8.00","Work entry 886"
1688,7,3135,"2024-01-01","8.00","Work entry 887"
1689,8,3136,"2024-01-01","8.00","Work entry 888"
1690,9,3137,"2024-01-01","8.00","Work entry 889"
1691,10,3138,"2024-01-01","8.00","Work entry 890"
1692,1,3139,"2024-01-01","8.00","Work entry 891"
1693,2,3140,"2024-01-01","8.00","Work entry 892"
1694,3,3141,"2024-01-01","8.00","Work entry 893"
1695,4,3142,"2024-01-01","8.00","Work entry 894"
1696,5,3143,"2024-01-01","8.00","Work entry 895"
1697,6,3144,"2024-01-01","8.00","Work entry 896"
1698,7,3145,"2024-01-01","8.00","Work entry 897"
1699,8,3146,"2024-01-01","8.00","Work entry 898"
1700,9,3147,"2024-01-01","8.00","Work entry 899"
1701,10,3148,"2024-01-01","8.00","Work entry 900"
1702,1,3149,"2024-01-01","8.00","Work entry 901"
1703,2,3150,"2024-01-01","8.00","Work entry 902"
1704,3,3151,"2024-01-01","8.00","Work entry 903"
1705,4,3152,"2024-01-01","8.00","Work entry 904"
1706,5,3153,"2024-01-01","8.00","Work entry 905"
1707,6,3154,"2024-01-01","8.00","Work entry 906"
1708,7,3155,"2024-01-01","8.00","Work entry 907"
1709,8,3156,"2024-01-01","8.00","Work entry 908"
1710,9,3157,"2024-01-01","8.00","Work entry 909"
1711,10,3158,"2024-01-01","8.00","Work entry 910"
1712,1,3159,"2024-01-01","8.00","Work entry 911"
1713,2,3160,"2024-01-01","8.00","Work entry 912"
1714,3,3161,"2024-01-01","8.00","Work entry 913"
1715,4,3162,"2024-01-01","8.00","Work entry 914"
1716,5,3163,"2024-01-01","8.00","Work entry 915"
1717,6,3164,"2024-01-01","8.00","Work entry 916"
1718,7,3165,"2024-01-01","8.00","Work entry 917"
1719,8,3166,"2024-01-01","8.00","Work entry 918"
1720,9,3167,"2024-01-01","8.00","Work entry 919"
1721,10,3168,"2024-01-01","8.00","Work entry 920"
1722,1,3169,"2024-01-01","8.00","Work entry 921"
1723,2,3170,"2024-01-01","8.00","Work entry 922"
1724,3,3171,"2024-01-01","8.00","Work entry 923"
1725,4,3172,"2024-01-01","8.00","Work entry 924"
1726,5,3173,"2024-01-01","8.00","Work entry 925"
1727,6,3174,"2024-01-01","8.00","Work entry 926"
1728,7,3175,"2024-01-01","8.00","Work entry 927"
1729,8,3176,"2024-01-01","8.00","Work entry 928"
1730,9,3177,"2024-01-01","8.00","Work entry 929"
1731,10,3178,"2024-01-01","8.00","Work entry 930"
1732,1,3179,"2024-01-01","8.00","Work entry 931"
1733,2,3180,"2024-01-01","8.00","Work entry 932"
1734,3,3181,"2024-01-01","8.00","Work entry 933"
1735,4,3182,"2024-01-01","8.00","Work entry 934"
1736,5,3183,"2024-01-01","8.00","Work entry 935"
1737,6,3184,"2024-01-01","8.00","Work entry 936"
1738,7,3185,"2024-01-01","8.00","Work entry 937"
1739,8,3186,"2024-01-01","8.00","Work entry 938"
1740,9,3187,"2024-01-01","8.00","Work entry 939"
1741,10,3188,"2024-01-01","8.00","Work entry 940"
1742,1,3189,"2024-01-01","8.00","Work entry 941"
1743,2,3190,"2024-01-01","8.00","Work entry 942"
1744,3,3191,"2024-01-01","8.00","Work entry 943"
1745,4,3192,"2024-01-01","8.00","Work entry 944"
1746,5,3193,"2024-01-01","8.00","Work entry 945"
1747,6,3194,"2024-01-01","8.00","Work entry 946"
1748,7,3195,"2024-01-01","8.00","Work entry 947"
1749,8,3196,"2024-01-01","8.00","Work entry 948"
1750,9,3197,"2024-01-01","8.00","Work entry 949"
1751,10,3198,"2024-01-01","8.00","Work entry 950"
1752,1,3199,"2024-01-01","8.00","Work entry 951"
1753,2,3200,"2024-01-01","8.00","Work entry 952"
1754,3,3201,"2024-01-01","8.00","Work entry 953"
1755,4,3202,"2024-01-01","8.00","Work entry 954"
1756,5,3203,"2024-01-01","8.00","Work entry 955"
1757,6,3204,"2024-01-01","8.00","Work entry 956"
1758,7,3205,"2024-01-01","8.00","Work entry 957"
1759,8,3206,"2024-01-01","8.00","Work entry 958"
1760,9,3207,"2024-01-01","8.00","Work entry 959"
1761,10,3208,"2024-01-01","8.00","Work entry 960"
1762,1,3209,"2024-01-01","8.00","Work entry 961"
1763,2,3210,"2024-01-01","8.00","Work entry 962"
1764,3,3211,"2024-01-01","8.00","Work entry 963"
1765,4,3212,"2024-01-01","8.00","Work entry 964"
1766,5,3213,"2024-01-01","8.00","Work entry 965"
1767,6,3214,"2024-01-01","8.00","Work entry 966"
1768,7,3215,"2024-01-01","8.00","Work entry 967"
1769,8,3216,"2024-01-01","8.00","Work entry 968"
1770,9,3217,"2024-01-01","8.00","Work entry 969"
1771,10,3218,"2024-01-01","8.00","Work entry 970"
1772,1,3219,"2024-01-01","8.00","Work entry 971"
1773,2,3220,"2024-01-01","8.00","Work entry 972"
1774,3,3221,"2024-01-01","8.00","Work entry 973"
1775,4,3222,"2024-01-01","8.00","Work entry 974"
1776,5,3223,"2024-01-01","8.00","Work entry 975"
1777,6,3224,"2024-01-01","8.00","Work entry 976"
1778,7,3225,"2024-01-01","8.00","Work entry 977"
1779,8,3226,"2024-01-01","8.00","Work entry 978"
